ts_code,name,industry,strategy_type,short_ma,long_ma,ma_combo,total_return,annualized_return,excess_return,max_drawdown,win_rate,pl_ratio,sharpe_ratio,trade_count,trading_days,years
600036.SH,招商银行,银行,短线,5,10,MA5/MA10,0.139079,0.030735,-0.053130,0.243635,0.436364,1.572614,0.144854,55,1084,4.301587
600036.SH,招商银行,银行,短线,5,20,MA5/MA20,-0.031294,-0.007432,-0.223503,0.267689,0.258065,2.827729,-0.067858,31,1074,4.261905
600036.SH,招商银行,银行,中线,10,20,MA10/MA20,-0.129534,-0.032026,-0.321743,0.328280,0.250000,2.375006,-0.217008,24,1074,4.261905
600036.SH,招商银行,银行,中线,20,30,MA20/MA30,-0.353284,-0.098078,-0.545493,0.388066,0.333333,0.878712,-0.648043,18,1064,4.222222
600036.SH,招商银行,银行,长线,20,60,MA20/MA60,-0.082564,-0.020783,-0.274773,0.202429,0.400000,1.069385,-0.230044,10,1034,4.103175
600036.SH,招商银行,银行,长线,30,60,MA30/MA60,-0.051548,-0.012815,-0.243756,0.165992,0.333333,1.593611,-0.178525,9,1034,4.103175
600036.SH,招商银行,银行,超长线,60,120,MA60/MA120,0.000580,0.000150,-0.191629,0.222125,0.666667,0.502062,-0.081896,3,974,3.865079
600036.SH,招商银行,银行,超长线,60,250,MA60/MA250,0.128619,0.036787,-0.063590,0.212340,0.500000,2.042895,0.180721,2,844,3.349206
601398.SH,工商银行,银行,短线,5,10,MA5/MA10,0.073419,0.016607,-0.118789,0.207523,0.358491,2.015248,0.044691,53,1084,4.301587
601398.SH,工商银行,银行,短线,5,20,MA5/MA20,0.083641,0.019026,-0.108568,0.194476,0.392857,1.904932,0.061523,28,1074,4.261905
601398.SH,工商银行,银行,中线,10,20,MA10/MA20,0.140097,0.031242,-0.052112,0.173773,0.464286,1.574690,0.147390,28,1074,4.261905
601398.SH,工商银行,银行,中线,20,30,MA20/MA30,0.180534,0.040091,-0.011675,0.158165,0.454545,1.809852,0.209691,22,1064,4.222222
601398.SH,工商银行,银行,长线,20,60,MA20/MA60,0.128896,0.029989,-0.063313,0.180237,0.444444,2.063809,0.138910,9,1034,4.103175
601398.SH,工商银行,银行,长线,30,60,MA30/MA60,0.381592,0.081963,0.189383,0.175565,0.333333,4.840317,0.469924,9,1034,4.103175
601398.SH,工商银行,银行,超长线,60,120,MA60/MA120,0.497743,0.110172,0.305534,0.180765,0.666667,8.403864,0.606709,3,974,3.865079
601398.SH,工商银行,银行,超长线,60,250,MA60/MA250,0.560048,0.142002,0.367839,0.167003,1.000000,999.000000,0.736545,1,844,3.349206
601288.SH,农业银行,银行,短线,5,10,MA5/MA10,0.590618,0.113932,0.398409,0.168953,0.421053,2.707622,0.708199,57,1084,4.301587
601288.SH,农业银行,银行,短线,5,20,MA5/MA20,0.246813,0.053122,0.054604,0.262116,0.424242,1.909079,0.280756,33,1074,4.261905
601288.SH,农业银行,银行,中线,10,20,MA10/MA20,0.096901,0.021938,-0.095308,0.303985,0.428571,1.601010,0.086209,28,1074,4.261905
601288.SH,农业银行,银行,中线,20,30,MA20/MA30,0.379646,0.079202,0.187437,0.239092,0.411765,2.540306,0.451304,17,1064,4.222222
601288.SH,农业银行,银行,长线,20,60,MA20/MA60,0.154524,0.035639,-0.037685,0.173939,0.571429,1.214351,0.184056,7,1034,4.103175
601288.SH,农业银行,银行,长线,30,60,MA30/MA60,0.659767,0.131432,0.467558,0.235284,0.500000,3.080005,0.713390,8,1034,4.103175
601288.SH,农业银行,银行,超长线,60,120,MA60/MA120,1.238763,0.231846,1.046554,0.231430,1.000000,999.000000,1.116829,2,974,3.865079
601288.SH,农业银行,银行,超长线,60,250,MA60/MA250,1.316383,0.285063,1.124174,0.254733,1.000000,999.000000,1.229675,1,844,3.349206
601939.SH,建设银行,银行,短线,5,10,MA5/MA10,0.265826,0.056329,0.073617,0.146037,0.410714,2.118971,0.309213,56,1084,4.301587
601939.SH,建设银行,银行,短线,5,20,MA5/MA20,0.007180,0.001680,-0.185029,0.271258,0.517241,0.950017,-0.045656,29,1074,4.261905
601939.SH,建设银行,银行,中线,10,20,MA10/MA20,-0.049557,-0.011855,-0.241766,0.246297,0.400000,1.310020,-0.154950,30,1074,4.261905
601939.SH,建设银行,银行,中线,20,30,MA20/MA30,-0.116261,-0.028848,-0.308470,0.282573,0.500000,0.732981,-0.265591,20,1064,4.222222
601939.SH,建设银行,银行,长线,20,60,MA20/MA60,0.183145,0.041838,-0.009064,0.196388,0.625000,1.467384,0.218576,8,1034,4.103175
601939.SH,建设银行,银行,长线,30,60,MA30/MA60,0.481574,0.100545,0.289365,0.154297,0.571429,3.408797,0.551607,7,1034,4.103175
601939.SH,建设银行,银行,超长线,60,120,MA60/MA120,0.399112,0.090777,0.206903,0.183346,0.666667,2.889983,0.486780,3,974,3.865079
601939.SH,建设银行,银行,超长线,60,250,MA60/MA250,0.499844,0.128661,0.307635,0.163114,1.000000,999.000000,0.630903,1,844,3.349206
601328.SH,交通银行,银行,短线,5,10,MA5/MA10,-0.176297,-0.044085,-0.368506,0.297999,0.303571,1.732639,-0.440368,56,1084,4.301587
601328.SH,交通银行,银行,短线,5,20,MA5/MA20,-0.020546,-0.004859,-0.212755,0.254782,0.387097,1.515016,-0.101122,31,1074,4.261905
601328.SH,交通银行,银行,中线,10,20,MA10/MA20,-0.120990,-0.029805,-0.313199,0.313032,0.392857,1.194243,-0.264348,28,1074,4.261905
601328.SH,交通银行,银行,中线,20,30,MA20/MA30,-0.009147,-0.002174,-0.201356,0.335548,0.428571,1.311450,-0.073601,21,1064,4.222222
601328.SH,交通银行,银行,长线,20,60,MA20/MA60,-0.050762,-0.012616,-0.242971,0.264403,0.250000,2.215755,-0.208540,8,1034,4.103175
601328.SH,交通银行,银行,长线,30,60,MA30/MA60,0.079129,0.018733,-0.113080,0.185996,0.428571,2.502189,0.048036,7,1034,4.103175
601328.SH,交通银行,银行,超长线,60,120,MA60/MA120,0.184136,0.044699,-0.008072,0.280450,0.400000,2.602985,0.228938,5,974,3.865079
601328.SH,交通银行,银行,超长线,60,250,MA60/MA250,0.372476,0.099147,0.180267,0.192553,1.000000,999.000000,0.498083,1,844,3.349206
000001.SZ,平安银行,银行,短线,5,10,MA5/MA10,-0.159193,-0.039507,-0.351402,0.286298,0.362069,1.468652,-0.264939,58,1084,4.301587
000001.SZ,平安银行,银行,短线,5,20,MA5/MA20,-0.225672,-0.058245,-0.417880,0.323186,0.222222,2.260506,-0.388951,36,1074,4.261905
000001.SZ,平安银行,银行,中线,10,20,MA10/MA20,-0.286980,-0.076297,-0.479189,0.361678,0.310345,1.218727,-0.493400,29,1074,4.261905
000001.SZ,平安银行,银行,中线,20,30,MA20/MA30,-0.348357,-0.096455,-0.540566,0.373179,0.210526,1.864216,-0.639895,19,1064,4.222222
000001.SZ,平安银行,银行,长线,20,60,MA20/MA60,-0.200389,-0.053043,-0.392598,0.323179,0.272727,0.937643,-0.404633,11,1034,4.103175
000001.SZ,平安银行,银行,长线,30,60,MA30/MA60,-0.241080,-0.065020,-0.433288,0.324734,0.300000,0.284351,-0.529576,10,1034,4.103175
000001.SZ,平安银行,银行,超长线,60,120,MA60/MA120,-0.262510,-0.075760,-0.454719,0.297444,0.000000,0.000000,-0.826798,4,974,3.865079
000001.SZ,平安银行,银行,超长线,60,250,MA60/MA250,-0.194257,-0.062455,-0.386466,0.273351,0.333333,0.027305,-0.651492,3,844,3.349206
601318.SH,中国平安,保险,短线,5,10,MA5/MA10,0.088567,0.019924,-0.103642,0.237697,0.375000,1.848734,0.093818,56,1084,4.301587
601318.SH,中国平安,保险,短线,5,20,MA5/MA20,0.106548,0.024040,-0.085661,0.268468,0.379310,1.889440,0.118209,29,1074,4.261905
601318.SH,中国平安,保险,中线,10,20,MA10/MA20,-0.059585,-0.014311,-0.251794,0.244222,0.357143,1.633352,-0.078281,28,1074,4.261905
601318.SH,中国平安,保险,中线,20,30,MA20/MA30,0.156251,0.034983,-0.035958,0.205343,0.350000,2.447341,0.171303,20,1064,4.222222
601318.SH,中国平安,保险,长线,20,60,MA20/MA60,-0.265483,-0.072438,-0.457691,0.421353,0.333333,0.904138,-0.422615,12,1034,4.103175
601318.SH,中国平安,保险,长线,30,60,MA30/MA60,-0.232817,-0.062550,-0.425026,0.392926,0.300000,1.027154,-0.375420,10,1034,4.103175
601318.SH,中国平安,保险,超长线,60,120,MA60/MA120,0.250550,0.059553,0.058341,0.239082,0.500000,4.377742,0.282178,6,974,3.865079
601318.SH,中国平安,保险,超长线,60,250,MA60/MA250,-0.060048,-0.018320,-0.252257,0.268359,0.500000,0.652008,-0.055075,2,844,3.349206
601628.SH,中国人寿,保险,短线,5,10,MA5/MA10,0.029467,0.006774,-0.162741,0.412557,0.363636,1.686371,0.069234,55,1084,4.301587
601628.SH,中国人寿,保险,短线,5,20,MA5/MA20,-0.082081,-0.019895,-0.274290,0.453443,0.294118,2.176137,-0.050451,34,1074,4.261905
601628.SH,中国人寿,保险,中线,10,20,MA10/MA20,0.029453,0.006834,-0.162755,0.361682,0.333333,1.987906,0.061747,30,1074,4.261905
601628.SH,中国人寿,保险,中线,20,30,MA20/MA30,-0.257964,-0.068225,-0.450173,0.336095,0.347826,1.069716,-0.277834,23,1064,4.222222
601628.SH,中国人寿,保险,长线,20,60,MA20/MA60,-0.264101,-0.072013,-0.456310,0.407436,0.300000,1.120503,-0.308035,10,1034,4.103175
601628.SH,中国人寿,保险,长线,30,60,MA30/MA60,-0.175317,-0.045891,-0.367526,0.362934,0.400000,0.842604,-0.183590,10,1034,4.103175
601628.SH,中国人寿,保险,超长线,60,120,MA60/MA120,0.440573,0.099050,0.248364,0.317238,0.666667,1.863531,0.411208,3,974,3.865079
601628.SH,中国人寿,保险,超长线,60,250,MA60/MA250,0.121504,0.034831,-0.070705,0.296019,1.000000,999.000000,0.173805,1,844,3.349206
600030.SH,中信证券,券商,短线,5,10,MA5/MA10,0.119917,0.026829,-0.072292,0.281383,0.350877,2.104928,0.135810,57,1078,4.277778
600030.SH,中信证券,券商,短线,5,20,MA5/MA20,0.663827,0.127643,0.471619,0.229165,0.464286,2.626564,0.561673,28,1068,4.238095
600030.SH,中信证券,券商,中线,10,20,MA10/MA20,0.449552,0.091551,0.257343,0.183520,0.518519,1.607132,0.417090,27,1068,4.238095
600030.SH,中信证券,券商,中线,20,30,MA20/MA30,0.395913,0.082688,0.203705,0.286088,0.368421,3.224507,0.387192,19,1058,4.198413
600030.SH,中信证券,券商,长线,20,60,MA20/MA60,0.025169,0.006112,-0.167040,0.380443,0.333333,1.878873,0.037986,9,1028,4.079365
600030.SH,中信证券,券商,长线,30,60,MA30/MA60,0.042077,0.010155,-0.150132,0.378598,0.333333,1.800741,0.054336,9,1028,4.079365
600030.SH,中信证券,券商,超长线,60,120,MA60/MA120,0.153377,0.037846,-0.038832,0.276266,0.200000,6.189696,0.184791,5,968,3.841270
600030.SH,中信证券,券商,超长线,60,250,MA60/MA250,-0.149805,-0.047631,-0.342013,0.324604,0.000000,0.000000,-0.214646,2,838,3.325397
601688.SH,华泰证券,券商,短线,5,10,MA5/MA10,0.531643,0.104190,0.339434,0.231802,0.388889,2.391889,0.465003,54,1084,4.301587
601688.SH,华泰证券,券商,短线,5,20,MA5/MA20,0.433071,0.088093,0.240862,0.237200,0.363636,2.730729,0.398228,33,1074,4.261905
601688.SH,华泰证券,券商,中线,10,20,MA10/MA20,0.358349,0.074507,0.166140,0.231519,0.357143,2.591057,0.341027,28,1074,4.261905
601688.SH,华泰证券,券商,中线,20,30,MA20/MA30,-0.207733,-0.053657,-0.399941,0.326931,0.181818,3.107947,-0.225683,22,1064,4.222222
601688.SH,华泰证券,券商,长线,20,60,MA20/MA60,0.111582,0.026116,-0.080627,0.319938,0.363636,2.259730,0.142121,11,1034,4.103175
601688.SH,华泰证券,券商,长线,30,60,MA30/MA60,0.421766,0.089548,0.229557,0.315052,0.444444,2.475583,0.391857,9,1034,4.103175
601688.SH,华泰证券,券商,超长线,60,120,MA60/MA120,-0.004541,-0.001177,-0.196750,0.285711,0.500000,0.936829,-0.000096,4,974,3.865079
601688.SH,华泰证券,券商,超长线,60,250,MA60/MA250,0.093370,0.027011,-0.098839,0.327058,0.500000,7.535179,0.145069,2,844,3.349206
000858.SZ,五粮液,白酒,短线,5,10,MA5/MA10,-0.221821,-0.056637,-0.414030,0.316356,0.285714,1.879315,-0.338343,56,1084,4.301587
000858.SZ,五粮液,白酒,短线,5,20,MA5/MA20,-0.195806,-0.049846,-0.388015,0.408833,0.300000,1.755951,-0.307511,30,1074,4.261905
000858.SZ,五粮液,白酒,中线,10,20,MA10/MA20,-0.250303,-0.065362,-0.442512,0.443396,0.233333,2.140574,-0.408542,30,1074,4.261905
000858.SZ,五粮液,白酒,中线,20,30,MA20/MA30,-0.176027,-0.044821,-0.368236,0.388337,0.210526,2.661787,-0.332318,19,1064,4.222222
000858.SZ,五粮液,白酒,长线,20,60,MA20/MA60,-0.162847,-0.042395,-0.355056,0.309712,0.142857,2.312246,-0.383026,7,1034,4.103175
000858.SZ,五粮液,白酒,长线,30,60,MA30/MA60,-0.077484,-0.019464,-0.269693,0.213162,0.250000,1.787003,-0.200009,8,1034,4.103175
000858.SZ,五粮液,白酒,超长线,60,120,MA60/MA120,-0.472406,-0.152477,-0.664615,0.480487,0.000000,0.000000,-1.456509,5,974,3.865079
000858.SZ,五粮液,白酒,超长线,60,250,MA60/MA250,-0.254611,-0.083998,-0.446819,0.287176,0.000000,0.000000,-1.256588,2,844,3.349206
000568.SZ,泸州老窖,白酒,短线,5,10,MA5/MA10,-0.464343,-0.135085,-0.656552,0.465118,0.368421,0.960627,-0.649283,57,1084,4.301587
000568.SZ,泸州老窖,白酒,短线,5,20,MA5/MA20,-0.214548,-0.055088,-0.406757,0.327951,0.242424,2.239098,-0.260053,33,1074,4.261905
000568.SZ,泸州老窖,白酒,中线,10,20,MA10/MA20,-0.220603,-0.056803,-0.412812,0.346664,0.269231,1.834681,-0.307154,26,1074,4.261905
000568.SZ,泸州老窖,白酒,中线,20,30,MA20/MA30,-0.113637,-0.028166,-0.305846,0.351214,0.421053,1.109582,-0.137998,19,1064,4.222222
000568.SZ,泸州老窖,白酒,长线,20,60,MA20/MA60,-0.013676,-0.003350,-0.205884,0.278831,0.444444,1.193592,-0.032659,9,1034,4.103175
000568.SZ,泸州老窖,白酒,长线,30,60,MA30/MA60,-0.156763,-0.040703,-0.348972,0.333813,0.375000,0.853856,-0.267586,8,1034,4.103175
000568.SZ,泸州老窖,白酒,超长线,60,120,MA60/MA120,-0.695083,-0.264566,-0.887292,0.699575,0.000000,0.000000,-1.947639,7,974,3.865079
000568.SZ,泸州老窖,白酒,超长线,60,250,MA60/MA250,-0.249962,-0.082296,-0.442171,0.326754,0.000000,0.000000,-0.672281,3,844,3.349206
603589.SH,口子窖,白酒,短线,5,10,MA5/MA10,-0.559037,-0.173328,-0.751246,0.636719,0.207547,2.278692,-0.935103,53,1084,4.301587
603589.SH,口子窖,白酒,短线,5,20,MA5/MA20,-0.243066,-0.063253,-0.435275,0.432596,0.241379,2.192668,-0.347582,29,1074,4.261905
603589.SH,口子窖,白酒,中线,10,20,MA10/MA20,-0.134947,-0.033442,-0.327156,0.367064,0.291667,1.990711,-0.199247,24,1074,4.261905
603589.SH,口子窖,白酒,中线,20,30,MA20/MA30,-0.018019,-0.004297,-0.210228,0.290566,0.294118,2.296536,-0.039087,17,1064,4.222222
603589.SH,口子窖,白酒,长线,20,60,MA20/MA60,-0.381688,-0.110565,-0.573897,0.546868,0.111111,2.869851,-0.614094,9,1034,4.103175
603589.SH,口子窖,白酒,长线,30,60,MA30/MA60,-0.458152,-0.138724,-0.650361,0.564702,0.100000,1.141990,-0.853725,10,1034,4.103175
603589.SH,口子窖,白酒,超长线,60,120,MA60/MA120,-0.234254,-0.066725,-0.426463,0.431271,0.000000,0.000000,-0.605518,3,974,3.865079
603589.SH,口子窖,白酒,超长线,60,250,MA60/MA250,-0.227800,-0.074282,-0.420009,0.409523,0.000000,0.000000,-0.654577,3,844,3.349206
000729.SZ,燕京啤酒,啤酒,短线,5,10,MA5/MA10,-0.399675,-0.111861,-0.591884,0.479003,0.327869,1.408386,-0.492771,61,1084,4.301587
000729.SZ,燕京啤酒,啤酒,短线,5,20,MA5/MA20,-0.442536,-0.128127,-0.634745,0.495344,0.147059,2.775867,-0.625824,34,1074,4.261905
000729.SZ,燕京啤酒,啤酒,中线,10,20,MA10/MA20,-0.384420,-0.107602,-0.576628,0.440727,0.241379,1.711970,-0.492684,29,1074,4.261905
000729.SZ,燕京啤酒,啤酒,中线,20,30,MA20/MA30,-0.038541,-0.009266,-0.230750,0.315361,0.421053,1.292165,-0.005544,19,1064,4.222222
000729.SZ,燕京啤酒,啤酒,长线,20,60,MA20/MA60,0.677094,0.134299,0.484885,0.245755,0.625000,2.507745,0.554055,8,1034,4.103175
000729.SZ,燕京啤酒,啤酒,长线,30,60,MA30/MA60,0.138595,0.032139,-0.053614,0.288478,0.375000,2.680468,0.159629,8,1034,4.103175
000729.SZ,燕京啤酒,啤酒,超长线,60,120,MA60/MA120,0.124728,0.030878,-0.067481,0.310765,0.500000,1.396873,0.170269,4,974,3.865079
000729.SZ,燕京啤酒,啤酒,超长线,60,250,MA60/MA250,-0.101068,-0.031312,-0.293277,0.415919,0.500000,0.731428,-0.183679,2,844,3.349206
600887.SH,伊利股份,乳制品,短线,5,10,MA5/MA10,-0.343936,-0.093339,-0.536145,0.344716,0.283333,1.379233,-0.723194,60,1084,4.301587
600887.SH,伊利股份,乳制品,短线,5,20,MA5/MA20,-0.371968,-0.103399,-0.564177,0.416064,0.156250,1.965369,-0.819457,32,1074,4.261905
600887.SH,伊利股份,乳制品,中线,10,20,MA10/MA20,-0.383374,-0.107247,-0.575583,0.401823,0.193548,1.386361,-0.859462,31,1074,4.261905
600887.SH,伊利股份,乳制品,中线,20,30,MA20/MA30,-0.323452,-0.088393,-0.515661,0.323452,0.300000,0.735672,-0.664071,20,1064,4.222222
600887.SH,伊利股份,乳制品,长线,20,60,MA20/MA60,-0.431281,-0.128504,-0.623490,0.443799,0.083333,0.140453,-1.205824,12,1034,4.103175
600887.SH,伊利股份,乳制品,长线,30,60,MA30/MA60,-0.356326,-0.101808,-0.548535,0.418857,0.272727,0.416196,-0.985612,11,1034,4.103175
600887.SH,伊利股份,乳制品,超长线,60,120,MA60/MA120,-0.318360,-0.094400,-0.510569,0.328887,0.000000,0.000000,-1.072574,5,974,3.865079
600887.SH,伊利股份,乳制品,超长线,60,250,MA60/MA250,-0.138930,-0.043679,-0.331139,0.208107,0.000000,0.000000,-0.519665,3,844,3.349206
600276.SH,恒瑞医药,化学制药,短线,5,10,MA5/MA10,-0.309074,-0.082360,-0.501283,0.541249,0.258065,1.988256,-0.353718,62,1084,4.301587
600276.SH,恒瑞医药,化学制药,短线,5,20,MA5/MA20,0.512839,0.102011,0.320630,0.260763,0.433333,1.741752,0.437173,30,1074,4.261905
600276.SH,恒瑞医药,化学制药,中线,10,20,MA10/MA20,0.756721,0.141343,0.564512,0.278970,0.560000,1.350884,0.596258,25,1074,4.261905
600276.SH,恒瑞医药,化学制药,中线,20,30,MA20/MA30,0.235497,0.051361,0.043288,0.220397,0.500000,1.336990,0.245810,18,1064,4.222222
600276.SH,恒瑞医药,化学制药,长线,20,60,MA20/MA60,0.049694,0.011890,-0.142515,0.354415,0.272727,3.043664,0.081578,11,1034,4.103175
600276.SH,恒瑞医药,化学制药,长线,30,60,MA30/MA60,0.011647,0.002826,-0.180562,0.351229,0.333333,2.065098,0.035284,9,1034,4.103175
600276.SH,恒瑞医药,化学制药,超长线,60,120,MA60/MA120,-0.244662,-0.070024,-0.436871,0.548668,0.400000,0.654571,-0.252973,5,974,3.865079
600276.SH,恒瑞医药,化学制药,超长线,60,250,MA60/MA250,-0.217220,-0.070513,-0.409429,0.384763,0.333333,0.390497,-0.358473,3,844,3.349206
000538.SZ,云南白药,中药,短线,5,10,MA5/MA10,-0.433165,-0.123634,-0.625374,0.448803,0.358209,0.683287,-1.057346,67,1084,4.301587
000538.SZ,云南白药,中药,短线,5,20,MA5/MA20,-0.420507,-0.120163,-0.612716,0.430532,0.210526,0.934444,-1.079938,38,1074,4.261905
000538.SZ,云南白药,中药,中线,10,20,MA10/MA20,-0.462647,-0.135611,-0.654856,0.492600,0.258065,0.529602,-1.276880,31,1074,4.261905
000538.SZ,云南白药,中药,中线,20,30,MA20/MA30,-0.239010,-0.062642,-0.431218,0.300313,0.333333,0.514760,-0.670238,18,1064,4.222222
000538.SZ,云南白药,中药,长线,20,60,MA20/MA60,-0.147280,-0.038085,-0.339489,0.237865,0.363636,0.672499,-0.408710,11,1034,4.103175
000538.SZ,云南白药,中药,长线,30,60,MA30/MA60,-0.149158,-0.038602,-0.341366,0.236771,0.300000,1.033750,-0.413231,10,1034,4.103175
000538.SZ,云南白药,中药,超长线,60,120,MA60/MA120,-0.053586,-0.014148,-0.245795,0.156603,0.400000,0.798436,-0.304005,5,974,3.865079
000538.SZ,云南白药,中药,超长线,60,250,MA60/MA250,-0.083655,-0.025747,-0.275863,0.157947,0.000000,0.000000,-0.312397,3,844,3.349206
300760.SZ,迈瑞医疗,医疗器械,短线,5,10,MA5/MA10,-0.622593,-0.202703,-0.814801,0.639556,0.184615,0.809679,-1.508816,65,1084,4.301587
300760.SZ,迈瑞医疗,医疗器械,短线,5,20,MA5/MA20,-0.490370,-0.146288,-0.682579,0.490370,0.151515,1.087208,-1.051427,33,1074,4.261905
300760.SZ,迈瑞医疗,医疗器械,中线,10,20,MA10/MA20,-0.502497,-0.151099,-0.694706,0.515899,0.272727,0.550443,-1.193458,33,1074,4.261905
300760.SZ,迈瑞医疗,医疗器械,中线,20,30,MA20/MA30,-0.544408,-0.169888,-0.736617,0.559438,0.090909,0.483212,-1.453361,22,1064,4.222222
300760.SZ,迈瑞医疗,医疗器械,长线,20,60,MA20/MA60,-0.408201,-0.120014,-0.600410,0.408201,0.000000,0.000000,-1.273699,13,1034,4.103175
300760.SZ,迈瑞医疗,医疗器械,长线,30,60,MA30/MA60,-0.464155,-0.141060,-0.656364,0.468940,0.000000,0.000000,-1.391912,12,1034,4.103175
300760.SZ,迈瑞医疗,医疗器械,超长线,60,120,MA60/MA120,-0.372506,-0.113587,-0.564715,0.395086,0.000000,0.000000,-1.007346,4,974,3.865079
300760.SZ,迈瑞医疗,医疗器械,超长线,60,250,MA60/MA250,-0.178122,-0.056888,-0.370331,0.193422,0.000000,0.000000,-1.198171,1,844,3.349206
002007.SZ,华兰生物,生物制品,短线,5,10,MA5/MA10,-0.287835,-0.075878,-0.480044,0.446979,0.267857,1.830142,-0.426926,56,1084,4.301587
002007.SZ,华兰生物,生物制品,短线,5,20,MA5/MA20,-0.328334,-0.089156,-0.520542,0.524812,0.193548,2.335233,-0.458623,31,1074,4.261905
002007.SZ,华兰生物,生物制品,中线,10,20,MA10/MA20,-0.417418,-0.119065,-0.609627,0.600806,0.300000,1.134941,-0.614403,30,1074,4.261905
002007.SZ,华兰生物,生物制品,中线,20,30,MA20/MA30,-0.460659,-0.136039,-0.652868,0.576977,0.181818,1.018324,-0.825462,22,1064,4.222222
002007.SZ,华兰生物,生物制品,长线,20,60,MA20/MA60,-0.325126,-0.091386,-0.517335,0.408784,0.090909,1.980881,-0.684539,11,1034,4.103175
002007.SZ,华兰生物,生物制品,长线,30,60,MA30/MA60,-0.365751,-0.105031,-0.557960,0.439785,0.100000,0.915370,-0.806209,10,1034,4.103175
002007.SZ,华兰生物,生物制品,超长线,60,120,MA60/MA120,-0.361286,-0.109513,-0.553495,0.406210,0.166667,0.046634,-0.874430,6,974,3.865079
002007.SZ,华兰生物,生物制品,超长线,60,250,MA60/MA250,-0.248123,-0.081625,-0.440332,0.325227,0.333333,0.192670,-0.775332,3,844,3.349206
600196.SH,复星医药,医药,短线,5,10,MA5/MA10,-0.451856,-0.130438,-0.644064,0.534777,0.241935,1.514322,-0.593672,62,1084,4.301587
600196.SH,复星医药,医药,短线,5,20,MA5/MA20,-0.278288,-0.073667,-0.470497,0.366402,0.300000,1.276507,-0.307034,30,1074,4.261905
600196.SH,复星医药,医药,中线,10,20,MA10/MA20,-0.239612,-0.062251,-0.431821,0.470075,0.259259,1.803545,-0.242720,27,1074,4.261905
600196.SH,复星医药,医药,中线,20,30,MA20/MA30,-0.436598,-0.127062,-0.628807,0.538749,0.210526,0.667388,-0.637787,19,1064,4.222222
600196.SH,复星医药,医药,长线,20,60,MA20/MA60,-0.418901,-0.123919,-0.611110,0.508118,0.090909,1.261118,-0.784240,11,1034,4.103175
600196.SH,复星医药,医药,长线,30,60,MA30/MA60,-0.424524,-0.125992,-0.616733,0.476871,0.153846,0.757603,-0.836629,13,1034,4.103175
600196.SH,复星医药,医药,超长线,60,120,MA60/MA120,-0.098578,-0.026494,-0.290787,0.176165,0.333333,0.325425,-0.343714,3,974,3.865079
600196.SH,复星医药,医药,超长线,60,250,MA60/MA250,-0.195599,-0.062921,-0.387808,0.225581,0.000000,0.000000,-0.532286,2,844,3.349206
603986.SH,兆易创新,半导体,短线,5,10,MA5/MA10,1.971974,2.248026,1.788337,0.304267,0.600000,3.454819,2.342602,10,233,0.924603
603986.SH,兆易创新,半导体,短线,5,20,MA5/MA20,3.004261,3.795979,2.818815,0.360048,0.600000,4.259606,2.752466,5,223,0.884921
603986.SH,兆易创新,半导体,中线,10,20,MA10/MA20,3.720800,4.776541,3.535355,0.278326,0.500000,4.752548,3.040219,4,223,0.884921
603986.SH,兆易创新,半导体,中线,20,30,MA20/MA30,1.203596,1.546590,1.061976,0.259955,0.500000,2.137971,2.130262,2,213,0.845238
603986.SH,兆易创新,半导体,长线,20,60,MA20/MA60,0.995939,1.590106,0.960515,0.281330,1.000000,999.000000,1.872694,1,183,0.726190
603986.SH,兆易创新,半导体,长线,30,60,MA30/MA60,0.556638,0.839296,0.521213,0.248034,0.000000,0.000000,1.472175,1,183,0.726190
002415.SZ,海康威视,安防,短线,5,10,MA5/MA10,-0.389914,-0.108524,-0.582122,0.484152,0.333333,1.032680,-0.556559,57,1084,4.301587
002415.SZ,海康威视,安防,短线,5,20,MA5/MA20,-0.299871,-0.080243,-0.492080,0.420213,0.354839,1.015957,-0.354589,31,1074,4.261905
002415.SZ,海康威视,安防,中线,10,20,MA10/MA20,-0.256670,-0.067230,-0.448879,0.385630,0.413793,0.798905,-0.282886,29,1074,4.261905
002415.SZ,海康威视,安防,中线,20,30,MA20/MA30,-0.385064,-0.108778,-0.577273,0.503650,0.315789,0.627831,-0.605605,19,1064,4.222222
002415.SZ,海康威视,安防,长线,20,60,MA20/MA60,-0.382964,-0.111012,-0.575173,0.569253,0.200000,1.034257,-0.637322,10,1034,4.103175
002415.SZ,海康威视,安防,长线,30,60,MA30/MA60,-0.349693,-0.099561,-0.541902,0.573933,0.272727,0.814774,-0.587468,11,1034,4.103175
002415.SZ,海康威视,安防,超长线,60,120,MA60/MA120,-0.060881,-0.016120,-0.253089,0.450274,0.428571,0.267935,-0.083856,7,974,3.865079
002415.SZ,海康威视,安防,超长线,60,250,MA60/MA250,-0.215860,-0.070031,-0.408069,0.463184,0.000000,0.000000,-0.389101,2,844,3.349206
000063.SZ,中兴通讯,通信设备,短线,5,10,MA5/MA10,-0.212976,-0.054155,-0.405184,0.527287,0.354839,1.554394,-0.071390,62,1084,4.301587
000063.SZ,中兴通讯,通信设备,短线,5,20,MA5/MA20,0.017556,0.004092,-0.174653,0.311466,0.351351,1.874800,0.113833,37,1074,4.261905
000063.SZ,中兴通讯,通信设备,中线,10,20,MA10/MA20,0.732858,0.137687,0.540649,0.413710,0.451613,1.811896,0.491510,31,1074,4.261905
000063.SZ,中兴通讯,通信设备,中线,20,30,MA20/MA30,0.180876,0.040162,-0.011333,0.335306,0.473684,1.406865,0.221834,19,1064,4.222222
000063.SZ,中兴通讯,通信设备,长线,20,60,MA20/MA60,0.330398,0.072052,0.138189,0.366645,0.333333,3.575736,0.314454,9,1034,4.103175
000063.SZ,中兴通讯,通信设备,长线,30,60,MA30/MA60,0.044813,0.010741,-0.147396,0.334903,0.375000,1.518195,0.117662,8,1034,4.103175
000063.SZ,中兴通讯,通信设备,超长线,60,120,MA60/MA120,-0.212860,-0.060047,-0.405068,0.524775,0.200000,2.026936,-0.079050,5,974,3.865079
000063.SZ,中兴通讯,通信设备,超长线,60,250,MA60/MA250,-0.082988,-0.025535,-0.275197,0.455261,0.666667,0.241026,0.063039,3,844,3.349206
300059.SZ,东方财富,互联网券商,短线,5,10,MA5/MA10,-0.342823,-0.092981,-0.535032,0.540080,0.301587,1.683929,-0.163724,63,1084,4.301587
300059.SZ,东方财富,互联网券商,短线,5,20,MA5/MA20,0.239043,0.051578,0.046834,0.395284,0.303030,2.921473,0.262771,33,1074,4.261905
300059.SZ,东方财富,互联网券商,中线,10,20,MA10/MA20,0.773955,0.143961,0.581746,0.368468,0.480000,2.060263,0.499050,25,1074,4.261905
300059.SZ,东方财富,互联网券商,中线,20,30,MA20/MA30,-0.131553,-0.032854,-0.323762,0.559288,0.315789,1.954435,0.013709,19,1064,4.222222
300059.SZ,东方财富,互联网券商,长线,20,60,MA20/MA60,0.676825,0.134255,0.484616,0.304808,0.428571,4.602403,0.492492,7,1034,4.103175
300059.SZ,东方财富,互联网券商,长线,30,60,MA30/MA60,0.953491,0.177266,0.761282,0.309520,0.428571,5.497145,0.607300,7,1034,4.103175
300059.SZ,东方财富,互联网券商,超长线,60,120,MA60/MA120,-0.255207,-0.073400,-0.447416,0.357017,0.250000,0.731487,-0.242495,4,974,3.865079
300059.SZ,东方财富,互联网券商,超长线,60,250,MA60/MA250,-0.200213,-0.064529,-0.392422,0.353539,0.500000,0.073176,-0.186334,2,844,3.349206
300782.SZ,卓胜微,半导体,短线,5,10,MA5/MA10,-0.601796,-0.192699,-0.794005,0.682760,0.275862,1.237033,-0.517836,58,1084,4.301587
300782.SZ,卓胜微,半导体,短线,5,20,MA5/MA20,-0.619878,-0.203044,-0.812087,0.631106,0.257143,1.167558,-0.478355,35,1074,4.261905
300782.SZ,卓胜微,半导体,中线,10,20,MA10/MA20,-0.624859,-0.205506,-0.817068,0.635132,0.310345,0.882066,-0.501186,29,1074,4.261905
300782.SZ,卓胜微,半导体,中线,20,30,MA20/MA30,-0.630254,-0.209938,-0.822463,0.723563,0.300000,0.588211,-0.547042,20,1064,4.222222
300782.SZ,卓胜微,半导体,长线,20,60,MA20/MA60,-0.324368,-0.091138,-0.516577,0.564802,0.250000,1.141201,-0.163545,8,1034,4.103175
300782.SZ,卓胜微,半导体,长线,30,60,MA30/MA60,-0.305931,-0.085155,-0.498139,0.466881,0.444444,0.466322,-0.149885,9,1034,4.103175
300782.SZ,卓胜微,半导体,超长线,60,120,MA60/MA120,-0.420062,-0.131479,-0.612271,0.609007,0.000000,0.000000,-0.351879,4,974,3.865079
300782.SZ,卓胜微,半导体,超长线,60,250,MA60/MA250,0.027987,0.008276,-0.164222,0.387257,0.000000,0.000000,0.115982,2,844,3.349206
002049.SZ,紫光国微,半导体,短线,5,10,MA5/MA10,0.002443,0.000573,-0.189766,0.353639,0.345455,1.898381,0.061363,55,1074,4.261905
002049.SZ,紫光国微,半导体,短线,5,20,MA5/MA20,-0.195833,-0.050310,-0.388042,0.484991,0.296296,1.593103,-0.059991,27,1064,4.222222
002049.SZ,紫光国微,半导体,中线,10,20,MA10/MA20,-0.626375,-0.207982,-0.818584,0.648995,0.214286,0.961076,-0.664491,28,1064,4.222222
002049.SZ,紫光国微,半导体,中线,20,30,MA20/MA30,-0.470925,-0.141192,-0.663133,0.676310,0.318182,0.723289,-0.397467,22,1054,4.182540
002049.SZ,紫光国微,半导体,长线,20,60,MA20/MA60,-0.355511,-0.102470,-0.547720,0.563306,0.333333,0.408416,-0.271818,9,1024,4.063492
002049.SZ,紫光国微,半导体,长线,30,60,MA30/MA60,-0.359655,-0.103893,-0.551864,0.540755,0.250000,0.409402,-0.345718,8,1024,4.063492
002049.SZ,紫光国微,半导体,超长线,60,120,MA60/MA120,-0.274113,-0.080335,-0.466322,0.437764,0.400000,0.196128,-0.267845,5,964,3.825397
002049.SZ,紫光国微,半导体,超长线,60,250,MA60/MA250,0.255593,0.071194,0.063384,0.290468,1.000000,999.000000,0.327107,1,834,3.309524
688981.SH,中芯国际,半导体制造,短线,5,10,MA5/MA10,0.391080,0.080217,0.198871,0.451416,0.350877,2.310534,0.331605,57,1078,4.277778
688981.SH,中芯国际,半导体制造,短线,5,20,MA5/MA20,1.650197,0.258562,1.457988,0.301888,0.379310,3.888215,0.729513,29,1068,4.238095
688981.SH,中芯国际,半导体制造,中线,10,20,MA10/MA20,0.914095,0.165549,0.721886,0.428730,0.423077,3.190139,0.545114,26,1068,4.238095
688981.SH,中芯国际,半导体制造,中线,20,30,MA20/MA30,0.541652,0.108602,0.349443,0.319316,0.285714,4.523793,0.409345,21,1058,4.198413
688981.SH,中芯国际,半导体制造,长线,20,60,MA20/MA60,0.497827,0.104109,0.305618,0.379553,0.500000,1.376440,0.395543,10,1028,4.079365
688981.SH,中芯国际,半导体制造,长线,30,60,MA30/MA60,0.706346,0.139956,0.514137,0.316158,0.444444,1.816035,0.484534,9,1028,4.079365
688981.SH,中芯国际,半导体制造,超长线,60,120,MA60/MA120,0.664554,0.141854,0.472345,0.496617,0.500000,2.431617,0.483579,4,968,3.841270
688981.SH,中芯国际,半导体制造,超长线,60,250,MA60/MA250,0.693435,0.171641,0.501226,0.445942,0.000000,0.000000,0.537635,1,838,3.325397
300750.SZ,宁德时代,锂电池,短线,5,10,MA5/MA10,-0.170029,-0.042399,-0.362238,0.449390,0.328125,1.695439,-0.135719,64,1084,4.301587
300750.SZ,宁德时代,锂电池,短线,5,20,MA5/MA20,-0.265444,-0.069825,-0.457653,0.550303,0.272727,1.950871,-0.163289,33,1074,4.261905
300750.SZ,宁德时代,锂电池,中线,10,20,MA10/MA20,-0.313210,-0.084385,-0.505419,0.655960,0.290323,1.661539,-0.164138,31,1074,4.261905
300750.SZ,宁德时代,锂电池,中线,20,30,MA20/MA30,-0.127677,-0.031834,-0.319886,0.546488,0.450000,1.034316,0.008734,20,1064,4.222222
300750.SZ,宁德时代,锂电池,长线,20,60,MA20/MA60,0.662204,0.131837,0.469995,0.278471,0.375000,6.560156,0.527027,8,1034,4.103175
300750.SZ,宁德时代,锂电池,长线,30,60,MA30/MA60,0.532098,0.109576,0.339889,0.269500,0.500000,2.439506,0.450973,8,1034,4.103175
300750.SZ,宁德时代,锂电池,超长线,60,120,MA60/MA120,-0.528830,-0.176920,-0.721039,0.545963,0.400000,0.266474,-0.632085,5,974,3.865079
300750.SZ,宁德时代,锂电池,超长线,60,250,MA60/MA250,0.517936,0.132709,0.325727,0.265707,0.000000,0.000000,0.508816,1,844,3.349206
002466.SZ,天齐锂业,锂矿,短线,5,10,MA5/MA10,-0.078982,-0.018945,-0.271191,0.553469,0.315789,2.064181,0.053130,57,1084,4.301587
002466.SZ,天齐锂业,锂矿,短线,5,20,MA5/MA20,-0.030792,-0.007312,-0.223001,0.629057,0.218750,3.481242,0.084440,32,1074,4.261905
002466.SZ,天齐锂业,锂矿,中线,10,20,MA10/MA20,0.672185,0.128212,0.479976,0.542514,0.409091,2.435446,0.463161,22,1074,4.261905
002466.SZ,天齐锂业,锂矿,中线,20,30,MA20/MA30,0.102900,0.023468,-0.089309,0.633740,0.375000,1.850119,0.173920,16,1064,4.222222
002466.SZ,天齐锂业,锂矿,长线,20,60,MA20/MA60,0.358224,0.077474,0.166015,0.498687,0.250000,5.306896,0.330444,8,1034,4.103175
002466.SZ,天齐锂业,锂矿,长线,30,60,MA30/MA60,0.015589,0.003777,-0.176619,0.590135,0.250000,3.068231,0.104816,8,1034,4.103175
601012.SH,隆基绿能,光伏,短线,5,10,MA5/MA10,-0.516458,-0.155422,-0.708667,0.596651,0.379310,0.869182,-0.532873,58,1084,4.301587
601012.SH,隆基绿能,光伏,短线,5,20,MA5/MA20,-0.400546,-0.113143,-0.592755,0.610870,0.343750,0.903749,-0.361066,32,1074,4.261905
601012.SH,隆基绿能,光伏,中线,10,20,MA10/MA20,-0.587714,-0.187709,-0.779923,0.617322,0.222222,0.613946,-0.697035,27,1074,4.261905
601012.SH,隆基绿能,光伏,中线,20,30,MA20/MA30,-0.649586,-0.219923,-0.841795,0.657404,0.190476,0.701679,-0.840434,21,1064,4.222222
601012.SH,隆基绿能,光伏,长线,20,60,MA20/MA60,-0.657161,-0.229637,-0.849370,0.661938,0.166667,0.248591,-1.095907,12,1034,4.103175
601012.SH,隆基绿能,光伏,长线,30,60,MA30/MA60,-0.311936,-0.087090,-0.504145,0.392566,0.142857,1.139672,-0.470119,7,1034,4.103175
601012.SH,隆基绿能,光伏,超长线,60,120,MA60/MA120,-0.087861,-0.023512,-0.280070,0.277641,0.500000,0.526567,-0.171895,2,974,3.865079
601012.SH,隆基绿能,光伏,超长线,60,250,MA60/MA250,-0.218834,-0.071086,-0.411042,0.348386,0.000000,0.000000,-0.431108,2,844,3.349206
300274.SZ,阳光电源,光伏逆变器,短线,5,10,MA5/MA10,-0.002522,-0.000587,-0.194731,0.690955,0.327869,2.046736,0.139830,61,1084,4.301587
300274.SZ,阳光电源,光伏逆变器,短线,5,20,MA5/MA20,1.190102,0.201948,0.997893,0.517866,0.333333,3.081507,0.592058,30,1074,4.261905
300274.SZ,阳光电源,光伏逆变器,中线,10,20,MA10/MA20,0.447079,0.090580,0.254870,0.535745,0.333333,2.553506,0.365786,27,1074,4.261905
300274.SZ,阳光电源,光伏逆变器,中线,20,30,MA20/MA30,0.546793,0.108831,0.354584,0.525699,0.263158,4.077329,0.403390,19,1064,4.222222
300274.SZ,阳光电源,光伏逆变器,长线,20,60,MA20/MA60,0.247276,0.055328,0.055067,0.569969,0.444444,1.451840,0.285108,9,1034,4.103175
300274.SZ,阳光电源,光伏逆变器,长线,30,60,MA30/MA60,0.047549,0.011386,-0.144660,0.603404,0.444444,2.269815,0.198522,9,1034,4.103175
300274.SZ,阳光电源,光伏逆变器,超长线,60,120,MA60/MA120,-0.341340,-0.102400,-0.533549,0.737688,0.200000,1.951583,-0.187756,5,974,3.865079
300274.SZ,阳光电源,光伏逆变器,超长线,60,250,MA60/MA250,-0.364311,-0.126520,-0.556520,0.462711,0.000000,0.000000,-0.260529,2,844,3.349206
600438.SH,通威股份,光伏硅料,短线,5,10,MA5/MA10,-0.149917,-0.037393,-0.342126,0.544167,0.294118,2.125054,-0.095159,51,1074,4.261905
600438.SH,通威股份,光伏硅料,短线,5,20,MA5/MA20,-0.022589,-0.005397,-0.214798,0.498879,0.214286,3.583461,0.040874,28,1064,4.222222
600438.SH,通威股份,光伏硅料,中线,10,20,MA10/MA20,-0.243625,-0.063991,-0.435834,0.571539,0.307692,1.702658,-0.188667,26,1064,4.222222
600438.SH,通威股份,光伏硅料,中线,20,30,MA20/MA30,-0.241928,-0.064077,-0.434137,0.547251,0.350000,1.170989,-0.194300,20,1054,4.182540
600438.SH,通威股份,光伏硅料,长线,20,60,MA20/MA60,0.166660,0.038663,-0.025549,0.443630,0.500000,1.742519,0.197078,6,1024,4.063492
600438.SH,通威股份,光伏硅料,长线,30,60,MA30/MA60,0.305727,0.067851,0.113518,0.300783,0.500000,3.771022,0.306172,6,1024,4.063492
600438.SH,通威股份,光伏硅料,超长线,60,120,MA60/MA120,-0.400825,-0.125318,-0.593033,0.424926,0.000000,0.000000,-0.686235,3,964,3.825397
600438.SH,通威股份,光伏硅料,超长线,60,250,MA60/MA250,-0.277679,-0.093612,-0.469888,0.345769,0.000000,0.000000,-0.496168,2,834,3.309524
002594.SZ,比亚迪,新能源汽车,短线,5,10,MA5/MA10,-0.578361,-0.181895,-0.770570,0.686866,0.350877,1.130109,-0.381873,57,1084,4.301587
002594.SZ,比亚迪,新能源汽车,短线,5,20,MA5/MA20,-0.578199,-0.183349,-0.770408,0.646725,0.209302,2.147318,-0.538235,43,1074,4.261905
002594.SZ,比亚迪,新能源汽车,中线,10,20,MA10/MA20,-0.605135,-0.195897,-0.797344,0.689177,0.250000,1.711026,-0.523798,36,1074,4.261905
002594.SZ,比亚迪,新能源汽车,中线,20,30,MA20/MA30,0.170753,0.038043,-0.021456,0.204392,0.458333,1.552389,0.186788,24,1064,4.222222
002594.SZ,比亚迪,新能源汽车,长线,20,60,MA20/MA60,0.199252,0.045277,0.007043,0.260055,0.444444,1.961309,0.219953,9,1034,4.103175
002594.SZ,比亚迪,新能源汽车,长线,30,60,MA30/MA60,-0.027317,-0.006727,-0.219526,0.351179,0.555556,0.757058,-0.016165,9,1034,4.103175
002594.SZ,比亚迪,新能源汽车,超长线,60,120,MA60/MA120,-0.035940,-0.009425,-0.228149,0.337823,0.250000,2.703375,-0.067467,4,974,3.865079
002594.SZ,比亚迪,新能源汽车,超长线,60,250,MA60/MA250,-0.435128,-0.156786,-0.627337,0.617253,0.000000,0.000000,-0.319422,1,844,3.349206
600104.SH,上汽集团,汽车,短线,5,10,MA5/MA10,-0.154509,-0.038266,-0.346718,0.353694,0.344828,1.624953,-0.156009,58,1084,4.301587
600104.SH,上汽集团,汽车,短线,5,20,MA5/MA20,-0.183716,-0.046513,-0.375925,0.355519,0.266667,1.928406,-0.216897,30,1074,4.261905
600104.SH,上汽集团,汽车,中线,10,20,MA10/MA20,-0.137274,-0.034053,-0.329483,0.318351,0.307692,1.791356,-0.153296,26,1074,4.261905
600104.SH,上汽集团,汽车,中线,20,30,MA20/MA30,-0.295360,-0.079567,-0.487569,0.391211,0.235294,1.005422,-0.403875,17,1064,4.222222
600104.SH,上汽集团,汽车,长线,20,60,MA20/MA60,-0.160949,-0.041866,-0.353158,0.351723,0.111111,4.499266,-0.189206,9,1034,4.103175
600104.SH,上汽集团,汽车,长线,30,60,MA30/MA60,0.039095,0.009390,-0.153114,0.281970,0.375000,1.902762,0.049202,8,1034,4.103175
600104.SH,上汽集团,汽车,超长线,60,120,MA60/MA120,-0.499127,-0.163798,-0.691336,0.509122,0.000000,0.000000,-0.953800,6,974,3.865079
600104.SH,上汽集团,汽车,超长线,60,250,MA60/MA250,-0.338263,-0.115983,-0.530472,0.406689,0.000000,0.000000,-0.588764,3,844,3.349206
000625.SZ,长安汽车,汽车,短线,5,10,MA5/MA10,-0.040924,-0.009667,-0.233133,0.429561,0.362069,1.714552,0.053542,58,1084,4.301587
000625.SZ,长安汽车,汽车,短线,5,20,MA5/MA20,0.392013,0.080697,0.199804,0.440114,0.357143,2.454941,0.341754,28,1074,4.261905
000625.SZ,长安汽车,汽车,中线,10,20,MA10/MA20,0.370945,0.076837,0.178736,0.376358,0.296296,3.280795,0.329807,27,1074,4.261905
000625.SZ,长安汽车,汽车,中线,20,30,MA20/MA30,0.294564,0.063055,0.102355,0.377495,0.470588,1.696861,0.286881,17,1064,4.222222
000625.SZ,长安汽车,汽车,长线,20,60,MA20/MA60,-0.307262,-0.085583,-0.499471,0.581503,0.555556,0.349411,-0.208153,9,1034,4.103175
000625.SZ,长安汽车,汽车,长线,30,60,MA30/MA60,-0.359026,-0.102728,-0.551235,0.654781,0.250000,1.370163,-0.295412,8,1034,4.103175
000625.SZ,长安汽车,汽车,超长线,60,120,MA60/MA120,-0.324585,-0.096547,-0.516794,0.453172,0.200000,0.048144,-0.436457,5,974,3.865079
000625.SZ,长安汽车,汽车,超长线,60,250,MA60/MA250,-0.093529,-0.028894,-0.285738,0.447532,0.000000,0.000000,-0.089038,1,844,3.349206
601238.SH,广汽集团,汽车,短线,5,10,MA5/MA10,-0.633135,-0.207937,-0.825344,0.720492,0.321429,0.764088,-1.154541,56,1084,4.301587
601238.SH,广汽集团,汽车,短线,5,20,MA5/MA20,-0.486787,-0.144884,-0.678996,0.611038,0.147059,2.423472,-0.795914,34,1074,4.261905
601238.SH,广汽集团,汽车,中线,10,20,MA10/MA20,0.064525,0.014780,-0.127684,0.417156,0.366667,1.919562,0.077347,30,1074,4.261905
601238.SH,广汽集团,汽车,中线,20,30,MA20/MA30,-0.168786,-0.042840,-0.360994,0.431272,0.294118,1.707331,-0.184448,17,1064,4.222222
601238.SH,广汽集团,汽车,长线,20,60,MA20/MA60,-0.024183,-0.005948,-0.216392,0.308189,0.571429,0.638970,-0.020558,7,1034,4.103175
601238.SH,广汽集团,汽车,长线,30,60,MA30/MA60,0.005525,0.001344,-0.186684,0.296577,0.500000,1.027586,0.015503,8,1034,4.103175
601238.SH,广汽集团,汽车,超长线,60,120,MA60/MA120,-0.221437,-0.062708,-0.413646,0.261002,0.000000,0.000000,-0.451971,4,974,3.865079
601238.SH,广汽集团,汽车,超长线,60,250,MA60/MA250,-0.281322,-0.093925,-0.473531,0.298412,0.000000,0.000000,-0.949062,2,844,3.349206
000002.SZ,万科A,房地产,短线,5,10,MA5/MA10,-0.589819,-0.187118,-0.782028,0.639033,0.222222,1.742320,-0.950383,54,1084,4.301587
000002.SZ,万科A,房地产,短线,5,20,MA5/MA20,-0.283461,-0.075229,-0.475669,0.406360,0.285714,1.700220,-0.284404,28,1074,4.261905
000002.SZ,万科A,房地产,中线,10,20,MA10/MA20,-0.161190,-0.040404,-0.353399,0.354610,0.320000,1.650333,-0.139393,25,1074,4.261905
000002.SZ,万科A,房地产,中线,20,30,MA20/MA30,-0.639451,-0.214637,-0.831660,0.657951,0.111111,0.581036,-1.226209,18,1064,4.222222
000002.SZ,万科A,房地产,长线,20,60,MA20/MA60,-0.605024,-0.202595,-0.797233,0.616679,0.000000,0.000000,-1.398730,10,1034,4.103175
000002.SZ,万科A,房地产,长线,30,60,MA30/MA60,-0.674196,-0.239147,-0.866405,0.688222,0.000000,0.000000,-1.637495,9,1034,4.103175
000002.SZ,万科A,房地产,超长线,60,120,MA60/MA120,-0.362448,-0.109932,-0.554657,0.408789,0.000000,0.000000,-1.028783,3,974,3.865079
000002.SZ,万科A,房地产,超长线,60,250,MA60/MA250,-0.250149,-0.082364,-0.442358,0.322328,0.000000,0.000000,-1.167616,2,844,3.349206
600048.SH,保利发展,房地产,短线,5,10,MA5/MA10,-0.557954,-0.172856,-0.750163,0.557954,0.157895,2.792856,-0.725435,57,1084,4.301587
600048.SH,保利发展,房地产,短线,5,20,MA5/MA20,-0.556100,-0.173505,-0.748309,0.580343,0.114286,2.542667,-0.752294,35,1074,4.261905
600048.SH,保利发展,房地产,中线,10,20,MA10/MA20,-0.191836,-0.048747,-0.384045,0.343496,0.370370,1.223222,-0.164528,27,1074,4.261905
600048.SH,保利发展,房地产,中线,20,30,MA20/MA30,-0.597468,-0.193879,-0.789677,0.670011,0.000000,0.000000,-0.944731,18,1064,4.222222
600048.SH,保利发展,房地产,长线,20,60,MA20/MA60,-0.740334,-0.280079,-0.932543,0.749043,0.076923,0.103722,-1.874267,13,1034,4.103175
600048.SH,保利发展,房地产,长线,30,60,MA30/MA60,-0.614774,-0.207438,-0.806983,0.639350,0.083333,0.202063,-1.427711,12,1034,4.103175
600048.SH,保利发展,房地产,超长线,60,120,MA60/MA120,-0.408753,-0.127128,-0.600962,0.452265,0.000000,0.000000,-0.942938,4,974,3.865079
600048.SH,保利发展,房地产,超长线,60,250,MA60/MA250,-0.155268,-0.049133,-0.347476,0.200949,0.000000,0.000000,-1.056548,1,844,3.349206
001979.SZ,招商蛇口,房地产,短线,5,10,MA5/MA10,-0.497257,-0.149009,-0.689466,0.521178,0.275862,1.539216,-0.554384,58,1074,4.261905
001979.SZ,招商蛇口,房地产,短线,5,20,MA5/MA20,-0.440763,-0.128595,-0.632972,0.507578,0.363636,0.887113,-0.416300,33,1064,4.222222
001979.SZ,招商蛇口,房地产,中线,10,20,MA10/MA20,-0.333819,-0.091721,-0.526028,0.460528,0.407407,0.798313,-0.284863,27,1064,4.222222
001979.SZ,招商蛇口,房地产,中线,20,30,MA20/MA30,-0.548073,-0.172952,-0.740282,0.625300,0.350000,0.486737,-0.643616,20,1054,4.182540
001979.SZ,招商蛇口,房地产,长线,20,60,MA20/MA60,-0.367741,-0.106691,-0.559950,0.515128,0.300000,0.652981,-0.425057,10,1024,4.063492
001979.SZ,招商蛇口,房地产,长线,30,60,MA30/MA60,-0.523949,-0.166947,-0.716158,0.629592,0.300000,0.582447,-0.734496,10,1024,4.063492
001979.SZ,招商蛇口,房地产,超长线,60,120,MA60/MA120,-0.481925,-0.157947,-0.674134,0.593535,0.000000,0.000000,-0.809455,7,964,3.825397
001979.SZ,招商蛇口,房地产,超长线,60,250,MA60/MA250,-0.337018,-0.116788,-0.529227,0.487398,0.000000,0.000000,-0.783777,5,834,3.309524
000333.SZ,美的集团,家电,短线,5,10,MA5/MA10,0.170684,0.037314,-0.021525,0.221684,0.368421,2.049619,0.182824,57,1084,4.301587
000333.SZ,美的集团,家电,短线,5,20,MA5/MA20,-0.013419,-0.003165,-0.205628,0.172983,0.344828,1.871448,-0.049556,29,1074,4.261905
000333.SZ,美的集团,家电,中线,10,20,MA10/MA20,-0.196209,-0.049957,-0.388418,0.279033,0.407407,0.958502,-0.340839,27,1074,4.261905
000333.SZ,美的集团,家电,中线,20,30,MA20/MA30,-0.199363,-0.051299,-0.391572,0.300116,0.210526,2.390945,-0.344755,19,1064,4.222222
000333.SZ,美的集团,家电,长线,20,60,MA20/MA60,-0.047760,-0.011856,-0.239969,0.275966,0.384615,1.414044,-0.095927,13,1034,4.103175
000333.SZ,美的集团,家电,长线,30,60,MA30/MA60,-0.016267,-0.003989,-0.208476,0.275909,0.444444,1.180195,-0.058306,9,1034,4.103175
000333.SZ,美的集团,家电,超长线,60,120,MA60/MA120,-0.219620,-0.062143,-0.411829,0.379871,0.200000,0.560301,-0.520166,5,974,3.865079
000333.SZ,美的集团,家电,超长线,60,250,MA60/MA250,0.205460,0.057379,0.013251,0.174953,0.500000,8.224151,0.274976,2,844,3.349206
000651.SZ,格力电器,家电,短线,5,10,MA5/MA10,-0.131839,-0.032332,-0.324048,0.234490,0.418182,1.163060,-0.217162,55,1084,4.301587
000651.SZ,格力电器,家电,短线,5,20,MA5/MA20,-0.197126,-0.050212,-0.389335,0.278846,0.419355,0.978568,-0.292400,31,1074,4.261905
000651.SZ,格力电器,家电,中线,10,20,MA10/MA20,-0.119940,-0.029534,-0.312149,0.275503,0.500000,0.781230,-0.177070,28,1074,4.261905
000651.SZ,格力电器,家电,中线,20,30,MA20/MA30,-0.367864,-0.102936,-0.560073,0.382926,0.277778,1.069559,-0.632967,18,1064,4.222222
000651.SZ,格力电器,家电,长线,20,60,MA20/MA60,-0.397001,-0.115984,-0.589210,0.480990,0.166667,1.604665,-0.671419,12,1034,4.103175
000651.SZ,格力电器,家电,长线,30,60,MA30/MA60,-0.325651,-0.091559,-0.517860,0.450491,0.416667,0.518753,-0.519698,12,1034,4.103175
000651.SZ,格力电器,家电,超长线,60,120,MA60/MA120,-0.224855,-0.063775,-0.417064,0.387451,0.333333,0.659400,-0.412785,6,974,3.865079
000651.SZ,格力电器,家电,超长线,60,250,MA60/MA250,0.039282,0.011571,-0.152927,0.227515,0.500000,2.996726,0.063999,2,844,3.349206
002032.SZ,苏泊尔,小家电,短线,5,10,MA5/MA10,-0.277850,-0.072882,-0.470059,0.392722,0.344828,1.325354,-0.411531,58,1084,4.301587
002032.SZ,苏泊尔,小家电,短线,5,20,MA5/MA20,-0.320687,-0.086734,-0.512896,0.432194,0.312500,1.261594,-0.494340,32,1074,4.261905
002032.SZ,苏泊尔,小家电,中线,10,20,MA10/MA20,-0.254504,-0.066593,-0.446713,0.374618,0.303030,1.474962,-0.385371,33,1074,4.261905
002032.SZ,苏泊尔,小家电,中线,20,30,MA20/MA30,0.009573,0.002259,-0.182636,0.263980,0.428571,1.357515,-0.014203,21,1064,4.222222
002032.SZ,苏泊尔,小家电,长线,20,60,MA20/MA60,-0.228804,-0.061357,-0.421013,0.367047,0.200000,1.590568,-0.378971,10,1034,4.103175
002032.SZ,苏泊尔,小家电,长线,30,60,MA30/MA60,-0.252941,-0.068603,-0.445150,0.353530,0.400000,0.606259,-0.423868,10,1034,4.103175
002032.SZ,苏泊尔,小家电,超长线,60,120,MA60/MA120,-0.400887,-0.124138,-0.593096,0.490518,0.000000,0.000000,-0.812511,4,974,3.865079
002032.SZ,苏泊尔,小家电,超长线,60,250,MA60/MA250,-0.290988,-0.097581,-0.483197,0.348250,0.200000,0.119741,-0.647446,5,844,3.349206
600031.SH,三一重工,工程机械,短线,5,10,MA5/MA10,-0.009759,-0.002277,-0.201968,0.204729,0.377778,1.631903,-0.004548,45,1084,4.301587
600031.SH,三一重工,工程机械,短线,5,20,MA5/MA20,-0.135792,-0.033664,-0.328001,0.326808,0.310345,1.850919,-0.116627,29,1074,4.261905
600031.SH,三一重工,工程机械,中线,10,20,MA10/MA20,-0.249278,-0.065062,-0.441486,0.307684,0.333333,1.428891,-0.259312,30,1074,4.261905
600031.SH,三一重工,工程机械,中线,20,30,MA20/MA30,0.071144,0.016411,-0.121065,0.236687,0.444444,1.442996,0.103465,18,1064,4.222222
600031.SH,三一重工,工程机械,长线,20,60,MA20/MA60,0.108165,0.025347,-0.084044,0.230978,0.625000,0.794335,0.129534,8,1034,4.103175
600031.SH,三一重工,工程机械,长线,30,60,MA30/MA60,-0.104775,-0.026614,-0.296984,0.279748,0.375000,1.115659,-0.107171,8,1034,4.103175
600031.SH,三一重工,工程机械,超长线,60,120,MA60/MA120,-0.473552,-0.152954,-0.665761,0.521433,0.250000,0.304464,-0.753850,8,974,3.865079
600031.SH,三一重工,工程机械,超长线,60,250,MA60/MA250,-0.226166,-0.073698,-0.418375,0.400367,0.333333,0.521308,-0.271277,3,844,3.349206
600019.SH,宝钢股份,钢铁,短线,5,10,MA5/MA10,-0.437416,-0.125167,-0.629625,0.452903,0.306452,1.308737,-0.770436,62,1084,4.301587
600019.SH,宝钢股份,钢铁,短线,5,20,MA5/MA20,-0.211972,-0.054362,-0.404181,0.257723,0.264706,1.901312,-0.380824,34,1074,4.261905
600019.SH,宝钢股份,钢铁,中线,10,20,MA10/MA20,-0.299406,-0.080100,-0.491615,0.331651,0.312500,1.220406,-0.533573,32,1074,4.261905
600019.SH,宝钢股份,钢铁,中线,20,30,MA20/MA30,-0.515669,-0.157775,-0.707878,0.534843,0.375000,0.305532,-1.060307,24,1064,4.222222
600019.SH,宝钢股份,钢铁,长线,20,60,MA20/MA60,-0.195990,-0.051776,-0.388199,0.358932,0.300000,0.764794,-0.374373,10,1034,4.103175
600019.SH,宝钢股份,钢铁,长线,30,60,MA30/MA60,-0.288263,-0.079533,-0.480471,0.424456,0.100000,0.283374,-0.562304,10,1034,4.103175
600019.SH,宝钢股份,钢铁,超长线,60,120,MA60/MA120,-0.177893,-0.049418,-0.370102,0.335407,0.000000,0.000000,-0.361223,4,974,3.865079
600019.SH,宝钢股份,钢铁,超长线,60,250,MA60/MA250,-0.296345,-0.099622,-0.488554,0.347984,0.000000,0.000000,-0.489614,3,844,3.349206
601088.SH,中国神华,煤炭,短线,5,10,MA5/MA10,-0.190237,-0.048306,-0.382446,0.381701,0.368421,1.400451,-0.202310,57,1074,4.261905
601088.SH,中国神华,煤炭,短线,5,20,MA5/MA20,-0.259473,-0.068674,-0.451682,0.373288,0.352941,1.286754,-0.319526,34,1064,4.222222
601088.SH,中国神华,煤炭,中线,10,20,MA10/MA20,0.018159,0.004271,-0.174050,0.230033,0.481481,1.106945,0.025304,27,1064,4.222222
601088.SH,中国神华,煤炭,中线,20,30,MA20/MA30,-0.274641,-0.073896,-0.466850,0.310943,0.440000,0.743121,-0.413534,25,1054,4.182540
601088.SH,中国神华,煤炭,长线,20,60,MA20/MA60,-0.055248,-0.013889,-0.247457,0.279728,0.400000,1.309483,-0.094117,10,1024,4.063492
601088.SH,中国神华,煤炭,长线,30,60,MA30/MA60,0.156040,0.036328,-0.036169,0.245353,0.555556,1.399859,0.177506,9,1024,4.063492
601088.SH,中国神华,煤炭,超长线,60,120,MA60/MA120,-0.119490,-0.032718,-0.311699,0.385512,0.250000,2.039408,-0.183248,4,964,3.825397
601088.SH,中国神华,煤炭,超长线,60,250,MA60/MA250,0.016959,0.005094,-0.175250,0.292959,0.500000,1.681070,0.035210,2,834,3.309524
600585.SH,海螺水泥,建材,短线,5,10,MA5/MA10,-0.375979,-0.103832,-0.568188,0.379895,0.259259,1.728171,-0.568129,54,1084,4.301587
600585.SH,海螺水泥,建材,短线,5,20,MA5/MA20,-0.427089,-0.122518,-0.619298,0.481666,0.281250,0.804036,-0.699335,32,1074,4.261905
600585.SH,海螺水泥,建材,中线,10,20,MA10/MA20,-0.336666,-0.091820,-0.528875,0.419632,0.307692,0.878756,-0.536100,26,1074,4.261905
600585.SH,海螺水泥,建材,中线,20,30,MA20/MA30,-0.069315,-0.016869,-0.261524,0.184877,0.400000,1.087086,-0.143479,15,1064,4.222222
600585.SH,海螺水泥,建材,长线,20,60,MA20/MA60,-0.345578,-0.098176,-0.537787,0.409059,0.000000,0.000000,-0.798376,9,1034,4.103175
600585.SH,海螺水泥,建材,长线,30,60,MA30/MA60,-0.315822,-0.088349,-0.508030,0.377392,0.100000,0.108746,-0.750644,10,1034,4.103175
600585.SH,海螺水泥,建材,超长线,60,120,MA60/MA120,-0.535161,-0.179795,-0.727370,0.535161,0.000000,0.000000,-1.660761,7,974,3.865079
600585.SH,海螺水泥,建材,超长线,60,250,MA60/MA250,-0.423169,-0.151495,-0.615378,0.433987,0.000000,0.000000,-1.715570,3,844,3.349206
600900.SH,长江电力,水电,短线,5,10,MA5/MA10,-0.141772,-0.034949,-0.333981,0.198826,0.327586,1.477249,-0.444706,58,1083,4.297619
600900.SH,长江电力,水电,短线,5,20,MA5/MA20,-0.165008,-0.041468,-0.357217,0.225586,0.314286,1.403163,-0.484909,35,1073,4.257937
600900.SH,长江电力,水电,中线,10,20,MA10/MA20,-0.075844,-0.018353,-0.268053,0.234794,0.218750,2.832839,-0.265210,32,1073,4.257937
600900.SH,长江电力,水电,中线,20,30,MA20/MA30,0.111195,0.025310,-0.081014,0.186099,0.368421,2.486051,0.101028,19,1063,4.218254
600900.SH,长江电力,水电,长线,20,60,MA20/MA60,0.239337,0.053740,0.047129,0.162891,0.363636,4.394345,0.323669,11,1033,4.099206
600900.SH,长江电力,水电,长线,30,60,MA30/MA60,-0.106381,-0.027065,-0.298590,0.208294,0.166667,0.897625,-0.646351,6,1033,4.099206
600900.SH,长江电力,水电,超长线,60,120,MA60/MA120,0.122106,0.030287,-0.070103,0.288449,0.400000,2.567963,0.143775,5,973,3.861111
600900.SH,长江电力,水电,超长线,60,250,MA60/MA250,0.126719,0.036309,-0.065490,0.204974,0.500000,1.814232,0.190536,2,843,3.345238
601985.SH,中国核电,核电,短线,5,10,MA5/MA10,-0.039689,-0.009370,-0.231898,0.313398,0.421053,1.316338,-0.072334,57,1084,4.301587
601985.SH,中国核电,核电,短线,5,20,MA5/MA20,-0.344221,-0.094258,-0.536430,0.369330,0.289474,1.236206,-0.535410,38,1074,4.261905
601985.SH,中国核电,核电,中线,10,20,MA10/MA20,-0.311337,-0.083800,-0.503546,0.403452,0.281250,1.363994,-0.473537,32,1074,4.261905
601985.SH,中国核电,核电,中线,20,30,MA20/MA30,-0.170783,-0.043385,-0.362992,0.399885,0.240000,2.372366,-0.261864,25,1064,4.222222
601985.SH,中国核电,核电,长线,20,60,MA20/MA60,0.013989,0.003391,-0.178220,0.393316,0.222222,3.585403,-0.024569,9,1034,4.103175
601985.SH,中国核电,核电,长线,30,60,MA30/MA60,0.210367,0.047630,0.018158,0.281898,0.500000,2.333061,0.246816,8,1034,4.103175
601985.SH,中国核电,核电,超长线,60,120,MA60/MA120,0.375747,0.086034,0.183538,0.207608,1.000000,999.000000,0.456318,2,974,3.865079
601985.SH,中国核电,核电,超长线,60,250,MA60/MA250,0.328999,0.088634,0.136790,0.256223,1.000000,999.000000,0.439907,1,844,3.349206
003816.SZ,中国广核,核电,短线,5,10,MA5/MA10,-0.385083,-0.106889,-0.577292,0.491714,0.349206,1.124596,-0.673359,63,1084,4.301587
003816.SZ,中国广核,核电,短线,5,20,MA5/MA20,-0.080976,-0.019618,-0.273185,0.429717,0.323529,1.848635,-0.145060,34,1074,4.261905
003816.SZ,中国广核,核电,中线,10,20,MA10/MA20,-0.049023,-0.011725,-0.241231,0.414000,0.322581,1.946469,-0.088663,31,1074,4.261905
003816.SZ,中国广核,核电,中线,20,30,MA20/MA30,0.088634,0.020317,-0.103574,0.346526,0.380952,1.873858,0.084971,21,1064,4.222222
003816.SZ,中国广核,核电,长线,20,60,MA20/MA60,0.163768,0.037654,-0.028441,0.252474,0.250000,4.871195,0.185459,8,1034,4.103175
003816.SZ,中国广核,核电,长线,30,60,MA30/MA60,0.314565,0.068929,0.122356,0.206642,0.500000,3.243430,0.373203,8,1034,4.103175
003816.SZ,中国广核,核电,超长线,60,120,MA60/MA120,0.175997,0.042836,-0.016211,0.264835,1.000000,999.000000,0.213580,3,974,3.865079
003816.SZ,中国广核,核电,超长线,60,250,MA60/MA250,0.353225,0.094521,0.161016,0.279884,1.000000,999.000000,0.441016,1,844,3.349206
600570.SH,恒生电子,金融IT,短线,5,10,MA5/MA10,0.319517,0.066579,0.127308,0.382286,0.327273,2.544080,0.296511,55,1084,4.301587
600570.SH,恒生电子,金融IT,短线,5,20,MA5/MA20,0.254002,0.054543,0.061793,0.447796,0.321429,2.674878,0.268271,28,1074,4.261905
600570.SH,恒生电子,金融IT,中线,10,20,MA10/MA20,0.556883,0.109457,0.364674,0.457120,0.380952,2.738391,0.418538,21,1074,4.261905
600570.SH,恒生电子,金融IT,中线,20,30,MA20/MA30,-0.352748,-0.097901,-0.544957,0.645733,0.450000,0.772449,-0.215871,20,1064,4.222222
600570.SH,恒生电子,金融IT,长线,20,60,MA20/MA60,-0.496919,-0.154166,-0.689127,0.531250,0.428571,0.390139,-0.451985,7,1034,4.103175
600570.SH,恒生电子,金融IT,长线,30,60,MA30/MA60,-0.376291,-0.108679,-0.568500,0.529729,0.285714,0.732893,-0.492537,7,1034,4.103175
600570.SH,恒生电子,金融IT,超长线,60,120,MA60/MA120,0.103973,0.025922,-0.088236,0.369060,0.750000,0.572761,0.154575,4,974,3.865079
600570.SH,恒生电子,金融IT,超长线,60,250,MA60/MA250,-0.188997,-0.060631,-0.381206,0.458041,0.000000,0.000000,-0.133274,2,844,3.349206
300124.SZ,汇川技术,工业自动化,短线,5,10,MA5/MA10,-0.315839,-0.084457,-0.508048,0.409921,0.338983,1.464337,-0.259169,59,1084,4.301587
300124.SZ,汇川技术,工业自动化,短线,5,20,MA5/MA20,0.254425,0.054627,0.062216,0.325089,0.333333,2.629877,0.254984,33,1074,4.261905
300124.SZ,汇川技术,工业自动化,中线,10,20,MA10/MA20,0.345845,0.072178,0.153636,0.342334,0.392857,2.207425,0.317371,28,1074,4.261905
300124.SZ,汇川技术,工业自动化,中线,20,30,MA20/MA30,0.483612,0.097933,0.291403,0.263712,0.473684,1.869843,0.399567,19,1064,4.222222
300124.SZ,汇川技术,工业自动化,长线,20,60,MA20/MA60,-0.474673,-0.145199,-0.666881,0.551052,0.272727,0.595113,-0.647606,11,1034,4.103175
300124.SZ,汇川技术,工业自动化,长线,30,60,MA30/MA60,-0.420532,-0.124518,-0.612740,0.508602,0.272727,0.444750,-0.553779,11,1034,4.103175
300124.SZ,汇川技术,工业自动化,超长线,60,120,MA60/MA120,-0.208976,-0.058850,-0.401185,0.397360,0.500000,0.352296,-0.257831,6,974,3.865079
300124.SZ,汇川技术,工业自动化,超长线,60,250,MA60/MA250,-0.083199,-0.025603,-0.275408,0.270190,0.500000,0.257832,-0.096493,2,844,3.349206
002475.SZ,立讯精密,电子制造,短线,5,10,MA5/MA10,0.154967,0.034060,-0.037242,0.508361,0.339286,2.168460,0.200511,56,1084,4.301587
002475.SZ,立讯精密,电子制造,短线,5,20,MA5/MA20,0.424443,0.086553,0.232234,0.375764,0.323529,2.686680,0.354679,34,1074,4.261905
002475.SZ,立讯精密,电子制造,中线,10,20,MA10/MA20,1.275690,0.212808,1.083481,0.309030,0.423077,3.571478,0.699064,26,1074,4.261905
002475.SZ,立讯精密,电子制造,中线,20,30,MA20/MA30,0.967700,0.173875,0.775491,0.404290,0.476190,2.663076,0.587224,21,1064,4.222222
002475.SZ,立讯精密,电子制造,长线,20,60,MA20/MA60,0.030081,0.007249,-0.162128,0.486067,0.363636,1.868198,0.110183,11,1034,4.103175
002475.SZ,立讯精密,电子制造,长线,30,60,MA30/MA60,-0.237391,-0.063915,-0.429599,0.602949,0.181818,3.025432,-0.100566,11,1034,4.103175
002475.SZ,立讯精密,电子制造,超长线,60,120,MA60/MA120,-0.147998,-0.040592,-0.340207,0.388168,0.400000,1.469339,-0.041564,5,974,3.865079
002475.SZ,立讯精密,电子制造,超长线,60,250,MA60/MA250,-0.037442,-0.011329,-0.229651,0.389573,0.000000,0.000000,0.093166,2,844,3.349206
601100.SH,恒立液压,液压件,短线,5,10,MA5/MA10,-0.111162,-0.027023,-0.303370,0.387044,0.355932,1.754180,-0.008016,59,1084,4.301587
601100.SH,恒立液压,液压件,短线,5,20,MA5/MA20,0.237307,0.051232,0.045098,0.408024,0.315789,2.519510,0.249633,38,1074,4.261905
601100.SH,恒立液压,液压件,中线,10,20,MA10/MA20,0.079195,0.018044,-0.113014,0.375496,0.406250,1.542841,0.143100,32,1074,4.261905
601100.SH,恒立液压,液压件,中线,20,30,MA20/MA30,0.133844,0.030198,-0.058365,0.578982,0.500000,1.185124,0.189292,22,1064,4.222222
601100.SH,恒立液压,液压件,长线,20,60,MA20/MA60,0.280999,0.062212,0.088790,0.270701,0.625000,1.567839,0.284326,8,1034,4.103175
601100.SH,恒立液压,液压件,长线,30,60,MA30/MA60,0.067669,0.016086,-0.124539,0.270969,0.500000,1.398393,0.145532,8,1034,4.103175
601100.SH,恒立液压,液压件,超长线,60,120,MA60/MA120,-0.064075,-0.016987,-0.256284,0.442831,0.333333,1.864485,0.034501,6,974,3.865079
600893.SH,航发动力,航空发动机,短线,5,10,MA5/MA10,-0.154432,-0.038246,-0.346641,0.331625,0.368421,1.496804,-0.124167,57,1084,4.301587
600893.SH,航发动力,航空发动机,短线,5,20,MA5/MA20,0.111114,0.025030,-0.081095,0.278689,0.379310,1.875002,0.141047,29,1074,4.261905
600893.SH,航发动力,航空发动机,中线,10,20,MA10/MA20,-0.153607,-0.038375,-0.345816,0.383289,0.357143,1.487918,-0.114772,28,1074,4.261905
600893.SH,航发动力,航空发动机,中线,20,30,MA20/MA30,0.038642,0.009020,-0.153567,0.488502,0.312500,2.371113,0.078852,16,1064,4.222222
600893.SH,航发动力,航空发动机,长线,20,60,MA20/MA60,-0.002157,-0.000526,-0.194366,0.376644,0.416667,1.391086,0.033045,12,1034,4.103175
600893.SH,航发动力,航空发动机,长线,30,60,MA30/MA60,0.115224,0.026935,-0.076985,0.284872,0.500000,1.534444,0.141679,10,1034,4.103175
600893.SH,航发动力,航空发动机,超长线,60,120,MA60/MA120,-0.448072,-0.142532,-0.640281,0.506189,0.166667,0.019262,-0.563411,6,974,3.865079
600893.SH,航发动力,航空发动机,超长线,60,250,MA60/MA250,-0.170083,-0.054143,-0.362292,0.426900,0.000000,0.000000,-0.138974,4,844,3.349206
002179.SZ,中航光电,军工连接器,短线,5,10,MA5/MA10,-0.599403,-0.191573,-0.791612,0.666246,0.304348,0.787830,-0.757609,69,1084,4.301587
002179.SZ,中航光电,军工连接器,短线,5,20,MA5/MA20,-0.738313,-0.269886,-0.930521,0.743108,0.222222,0.333621,-1.027635,36,1074,4.261905
002179.SZ,中航光电,军工连接器,中线,10,20,MA10/MA20,-0.731803,-0.265665,-0.924012,0.737252,0.166667,0.565606,-1.027471,30,1074,4.261905
002179.SZ,中航光电,军工连接器,中线,20,30,MA20/MA30,-0.704297,-0.250664,-0.896506,0.704297,0.208333,0.596964,-0.911887,24,1064,4.222222
002179.SZ,中航光电,军工连接器,长线,20,60,MA20/MA60,-0.514949,-0.161657,-0.707158,0.601635,0.090909,0.524676,-0.613904,11,1034,4.103175
002179.SZ,中航光电,军工连接器,长线,30,60,MA30/MA60,-0.478270,-0.146630,-0.670479,0.545714,0.181818,0.460720,-0.610778,11,1034,4.103175
002179.SZ,中航光电,军工连接器,超长线,60,120,MA60/MA120,-0.195208,-0.054639,-0.387417,0.440217,0.400000,0.286351,-0.305416,5,974,3.865079
002179.SZ,中航光电,军工连接器,超长线,60,250,MA60/MA250,-0.000841,-0.000251,-0.193050,0.246962,1.000000,999.000000,-0.033564,1,844,3.349206
600760.SH,中航沈飞,战斗机,短线,5,10,MA5/MA10,-0.560750,-0.174075,-0.752959,0.580404,0.280702,1.245846,-0.615307,57,1084,4.301587
600760.SH,中航沈飞,战斗机,短线,5,20,MA5/MA20,-0.619491,-0.202853,-0.811700,0.655183,0.264706,0.723903,-0.746077,34,1074,4.261905
600760.SH,中航沈飞,战斗机,中线,10,20,MA10/MA20,-0.570568,-0.179906,-0.762777,0.596834,0.266667,0.816368,-0.778300,30,1074,4.261905
600760.SH,中航沈飞,战斗机,中线,20,30,MA20/MA30,-0.016480,-0.003928,-0.208689,0.347756,0.277778,2.543310,0.034431,18,1064,4.222222
600760.SH,中航沈飞,战斗机,长线,20,60,MA20/MA60,-0.412172,-0.121457,-0.604381,0.493283,0.200000,1.397181,-0.396478,10,1034,4.103175
600760.SH,中航沈飞,战斗机,长线,30,60,MA30/MA60,-0.156641,-0.040669,-0.348849,0.422161,0.545455,0.520275,-0.075730,11,1034,4.103175
600760.SH,中航沈飞,战斗机,超长线,60,120,MA60/MA120,0.048050,0.012216,-0.144159,0.286459,0.666667,0.999973,0.098178,3,974,3.865079
600760.SH,中航沈飞,战斗机,超长线,60,250,MA60/MA250,0.101009,0.029148,-0.091200,0.339296,1.000000,999.000000,0.171541,1,844,3.349206
600050.SH,中国联通,通信运营,短线,5,10,MA5/MA10,0.064530,0.014643,-0.127679,0.297163,0.263158,2.954132,0.095792,57,1084,4.301587
600050.SH,中国联通,通信运营,短线,5,20,MA5/MA20,-0.408654,-0.115973,-0.600863,0.417892,0.171429,1.548809,-0.594558,35,1074,4.261905
600050.SH,中国联通,通信运营,中线,10,20,MA10/MA20,-0.333394,-0.090771,-0.525603,0.482934,0.281250,1.527076,-0.356167,32,1074,4.261905
600050.SH,中国联通,通信运营,中线,20,30,MA20/MA30,-0.462443,-0.136717,-0.654652,0.580876,0.222222,1.528401,-0.590647,27,1064,4.222222
600050.SH,中国联通,通信运营,长线,20,60,MA20/MA60,0.196542,0.044701,0.004333,0.306439,0.142857,10.917114,0.217023,7,1034,4.103175
600050.SH,中国联通,通信运营,长线,30,60,MA30/MA60,-0.145481,-0.037591,-0.337690,0.461224,0.285714,1.747316,-0.124562,7,1034,4.103175
600050.SH,中国联通,通信运营,超长线,60,120,MA60/MA120,0.209885,0.050529,0.017676,0.354713,0.500000,1.927456,0.241603,6,974,3.865079
600050.SH,中国联通,通信运营,超长线,60,250,MA60/MA250,0.095043,0.027480,-0.097166,0.237138,1.000000,999.000000,0.130680,1,844,3.349206
601728.SH,中国电信,通信运营,短线,5,10,MA5/MA10,0.129604,0.028736,-0.062605,0.348744,0.346939,2.100995,0.146285,49,1084,4.301587
601728.SH,中国电信,通信运营,短线,5,20,MA5/MA20,-0.151677,-0.037861,-0.343886,0.458041,0.250000,2.507293,-0.140297,40,1074,4.261905
601728.SH,中国电信,通信运营,中线,10,20,MA10/MA20,-0.219841,-0.056586,-0.412050,0.511851,0.228571,2.396646,-0.238405,35,1074,4.261905
601728.SH,中国电信,通信运营,中线,20,30,MA20/MA30,0.146915,0.032998,-0.045294,0.332208,0.391304,1.872708,0.168477,23,1064,4.222222
601728.SH,中国电信,通信运营,长线,20,60,MA20/MA60,0.749239,0.146003,0.557030,0.253358,0.444444,3.667622,0.590073,9,1034,4.103175
601728.SH,中国电信,通信运营,长线,30,60,MA30/MA60,0.558004,0.114119,0.365795,0.304187,0.454545,2.576611,0.477501,11,1034,4.103175
601728.SH,中国电信,通信运营,超长线,60,120,MA60/MA120,1.023742,0.200081,0.831533,0.248594,1.000000,999.000000,0.781192,2,974,3.865079
601728.SH,中国电信,通信运营,超长线,60,250,MA60/MA250,0.064838,0.018935,-0.127371,0.224766,1.000000,999.000000,0.072120,1,844,3.349206
002602.SZ,世纪华通,游戏,短线,5,10,MA5/MA10,1.045135,0.181321,0.852926,0.429352,0.370370,2.596156,0.603786,54,1082,4.293651
002602.SZ,世纪华通,游戏,短线,5,20,MA5/MA20,2.840065,0.372029,2.647856,0.366273,0.366667,4.397901,1.026832,30,1072,4.253968
002602.SZ,世纪华通,游戏,中线,10,20,MA10/MA20,1.890035,0.283354,1.697826,0.339605,0.500000,2.218649,0.843048,26,1072,4.253968
002602.SZ,世纪华通,游戏,中线,20,30,MA20/MA30,0.362541,0.076167,0.170332,0.392536,0.352941,2.955382,0.330215,17,1062,4.214286
002602.SZ,世纪华通,游戏,长线,20,60,MA20/MA60,2.535111,0.361170,2.342903,0.559767,0.333333,7.636689,0.969727,6,1032,4.095238
002602.SZ,世纪华通,游戏,长线,30,60,MA30/MA60,2.035254,0.311431,1.843045,0.377989,0.333333,6.488877,0.981456,6,1032,4.095238
002602.SZ,世纪华通,游戏,超长线,60,120,MA60/MA120,2.136686,0.344977,1.944477,0.603637,0.750000,2.871747,0.933035,4,972,3.857143
002602.SZ,世纪华通,游戏,超长线,60,250,MA60/MA250,1.271928,0.278393,1.079719,0.429457,0.500000,5.581415,0.772695,2,842,3.341270
300418.SZ,昆仑万维,互联网,短线,5,10,MA5/MA10,0.288634,0.060723,0.096425,0.739012,0.383333,1.667245,0.319249,60,1084,4.301587
300418.SZ,昆仑万维,互联网,短线,5,20,MA5/MA20,-0.095008,-0.023151,-0.287217,0.797221,0.256410,2.757388,0.166798,39,1074,4.261905
300418.SZ,昆仑万维,互联网,中线,10,20,MA10/MA20,1.948583,0.288809,1.756374,0.650745,0.320000,2.946363,0.700288,25,1074,4.261905
300418.SZ,昆仑万维,互联网,中线,20,30,MA20/MA30,1.689727,0.264075,1.497518,0.521927,0.473684,1.798012,0.665699,19,1064,4.222222
300418.SZ,昆仑万维,互联网,长线,20,60,MA20/MA60,0.610808,0.123206,0.418599,0.621023,0.444444,1.829525,0.438836,9,1034,4.103175
300418.SZ,昆仑万维,互联网,长线,30,60,MA30/MA60,0.908985,0.170673,0.716776,0.529916,0.428571,2.354760,0.522459,7,1034,4.103175
300418.SZ,昆仑万维,互联网,超长线,60,120,MA60/MA120,1.513909,0.269349,1.321700,0.560810,0.500000,5.243518,0.660675,4,974,3.865079
300418.SZ,昆仑万维,互联网,超长线,60,250,MA60/MA250,0.113489,0.032617,-0.078720,0.724297,0.333333,1.888277,0.306211,3,844,3.349206
600309.SH,万华化学,MDI,短线,5,10,MA5/MA10,0.044328,0.010134,-0.147881,0.294920,0.370370,1.786054,0.060680,54,1084,4.301587
600309.SH,万华化学,MDI,短线,5,20,MA5/MA20,-0.044744,-0.010683,-0.236953,0.320119,0.354839,1.721790,-0.042205,31,1074,4.261905
600309.SH,万华化学,MDI,中线,10,20,MA10/MA20,-0.166162,-0.041741,-0.358371,0.357963,0.333333,1.619901,-0.189383,30,1074,4.261905
600309.SH,万华化学,MDI,中线,20,30,MA20/MA30,0.072072,0.016619,-0.120137,0.267478,0.437500,1.543909,0.084960,16,1064,4.222222
600309.SH,万华化学,MDI,长线,20,60,MA20/MA60,-0.179839,-0.047169,-0.372048,0.356905,0.333333,1.192425,-0.264260,9,1034,4.103175
600309.SH,万华化学,MDI,长线,30,60,MA30/MA60,0.003298,0.000803,-0.188910,0.232536,0.444444,1.263754,-0.007310,9,1034,4.103175
600309.SH,万华化学,MDI,超长线,60,120,MA60/MA120,-0.346655,-0.104280,-0.538864,0.461022,0.166667,0.106065,-0.549363,6,974,3.865079
600309.SH,万华化学,MDI,超长线,60,250,MA60/MA250,-0.214524,-0.069559,-0.406733,0.288031,0.000000,0.000000,-0.432228,2,844,3.349206
002493.SZ,荣盛石化,石化,短线,5,10,MA5/MA10,0.011603,0.002685,-0.180606,0.360888,0.344828,2.031984,0.043724,58,1084,4.301587
002493.SZ,荣盛石化,石化,短线,5,20,MA5/MA20,-0.308648,-0.082962,-0.500857,0.364843,0.272727,1.611129,-0.355417,33,1074,4.261905
002493.SZ,荣盛石化,石化,中线,10,20,MA10/MA20,-0.539578,-0.166388,-0.731787,0.560238,0.185185,1.592271,-0.791510,27,1074,4.261905
002493.SZ,荣盛石化,石化,中线,20,30,MA20/MA30,-0.599955,-0.195062,-0.792164,0.599955,0.222222,0.332208,-0.926115,18,1064,4.222222
002493.SZ,荣盛石化,石化,长线,20,60,MA20/MA60,-0.488728,-0.150830,-0.680937,0.558683,0.166667,0.380347,-0.788167,12,1034,4.103175
002493.SZ,荣盛石化,石化,长线,30,60,MA30/MA60,-0.310695,-0.086689,-0.502904,0.451742,0.272727,0.755571,-0.365264,11,1034,4.103175
002493.SZ,荣盛石化,石化,超长线,60,120,MA60/MA120,-0.271675,-0.078745,-0.463884,0.408659,0.200000,1.156228,-0.297803,5,974,3.865079
002714.SZ,牧原股份,生猪养殖,短线,5,10,MA5/MA10,-0.471796,-0.137897,-0.664005,0.535401,0.275862,1.231701,-0.805250,58,1084,4.301587
002714.SZ,牧原股份,生猪养殖,短线,5,20,MA5/MA20,-0.519266,-0.157901,-0.711475,0.535346,0.200000,1.524900,-0.895562,40,1074,4.261905
002714.SZ,牧原股份,生猪养殖,中线,10,20,MA10/MA20,-0.405453,-0.114852,-0.597662,0.525229,0.333333,0.953665,-0.642318,30,1074,4.261905
002714.SZ,牧原股份,生猪养殖,中线,20,30,MA20/MA30,-0.079639,-0.019463,-0.271848,0.381920,0.388889,1.359559,-0.103119,18,1064,4.222222
002714.SZ,牧原股份,生猪养殖,长线,20,60,MA20/MA60,-0.163630,-0.042613,-0.355839,0.311286,0.300000,1.495494,-0.258649,10,1034,4.103175
002714.SZ,牧原股份,生猪养殖,长线,30,60,MA30/MA60,-0.134529,-0.034600,-0.326738,0.353769,0.142857,3.426406,-0.269315,7,1034,4.103175
002714.SZ,牧原股份,生猪养殖,超长线,60,120,MA60/MA120,-0.087058,-0.023290,-0.279267,0.298277,0.200000,2.554343,-0.172975,5,974,3.865079
002714.SZ,牧原股份,生猪养殖,超长线,60,250,MA60/MA250,-0.001873,-0.000560,-0.194082,0.285012,0.333333,1.932246,-0.013857,3,844,3.349206
300498.SZ,温氏股份,畜禽养殖,短线,5,10,MA5/MA10,-0.247015,-0.063827,-0.439224,0.516350,0.333333,1.583867,-0.283718,60,1084,4.301587
300498.SZ,温氏股份,畜禽养殖,短线,5,20,MA5/MA20,-0.040016,-0.009537,-0.232225,0.294644,0.419355,1.291955,-0.021043,31,1074,4.261905
300498.SZ,温氏股份,畜禽养殖,中线,10,20,MA10/MA20,-0.288582,-0.076785,-0.480791,0.441964,0.416667,0.907399,-0.363183,24,1074,4.261905
300498.SZ,温氏股份,畜禽养殖,中线,20,30,MA20/MA30,-0.370039,-0.103668,-0.562248,0.424174,0.363636,0.732461,-0.546752,22,1064,4.222222
300498.SZ,温氏股份,畜禽养殖,长线,20,60,MA20/MA60,-0.411424,-0.121184,-0.603632,0.480546,0.181818,0.796646,-0.742638,11,1034,4.103175
300498.SZ,温氏股份,畜禽养殖,长线,30,60,MA30/MA60,-0.445540,-0.133881,-0.637749,0.473512,0.200000,0.453233,-0.850879,10,1034,4.103175
300498.SZ,温氏股份,畜禽养殖,超长线,60,120,MA60/MA120,-0.455349,-0.145471,-0.647557,0.497843,0.200000,0.029719,-0.873914,5,974,3.865079
300498.SZ,温氏股份,畜禽养殖,超长线,60,250,MA60/MA250,-0.267390,-0.088715,-0.459599,0.351806,0.000000,0.000000,-0.731000,2,844,3.349206
600009.SH,上海机场,机场,短线,5,10,MA5/MA10,-0.388012,-0.107973,-0.580221,0.427600,0.283019,1.201286,-0.697924,53,1083,4.297619
600009.SH,上海机场,机场,短线,5,20,MA5/MA20,-0.396749,-0.111927,-0.588958,0.396749,0.233333,0.950149,-0.802651,30,1073,4.257937
600009.SH,上海机场,机场,中线,10,20,MA10/MA20,-0.522885,-0.159529,-0.715094,0.544997,0.166667,1.262825,-1.176328,30,1073,4.257937
600009.SH,上海机场,机场,中线,20,30,MA20/MA30,-0.458344,-0.135280,-0.650552,0.512904,0.307692,0.593044,-1.004815,26,1063,4.218254
600009.SH,上海机场,机场,长线,20,60,MA20/MA60,-0.338095,-0.095761,-0.530304,0.397934,0.000000,0.000000,-0.854990,9,1033,4.099206
600009.SH,上海机场,机场,长线,30,60,MA30/MA60,-0.218731,-0.058438,-0.410940,0.288507,0.000000,0.000000,-0.465363,11,1033,4.099206
600009.SH,上海机场,机场,超长线,60,120,MA60/MA120,-0.330439,-0.098676,-0.522648,0.416882,0.000000,0.000000,-0.774915,6,973,3.861111
600009.SH,上海机场,机场,超长线,60,250,MA60/MA250,-0.096382,-0.029842,-0.288591,0.141477,0.000000,0.000000,-1.218554,2,843,3.345238
601021.SH,春秋航空,航空,短线,5,10,MA5/MA10,-0.628447,-0.205595,-0.820656,0.683584,0.265625,1.003599,-1.155048,64,1084,4.301587
601021.SH,春秋航空,航空,短线,5,20,MA5/MA20,-0.496405,-0.148671,-0.688614,0.537613,0.325581,0.862714,-0.877186,43,1074,4.261905
601021.SH,春秋航空,航空,中线,10,20,MA10/MA20,-0.420109,-0.120021,-0.612318,0.512475,0.388889,0.732233,-0.664054,36,1074,4.261905
601021.SH,春秋航空,航空,中线,20,30,MA20/MA30,-0.294036,-0.079157,-0.486245,0.443247,0.269231,1.325028,-0.401039,26,1064,4.222222
601021.SH,春秋航空,航空,长线,20,60,MA20/MA60,-0.127089,-0.032583,-0.319298,0.326820,0.363636,1.217096,-0.175047,11,1034,4.103175
601021.SH,春秋航空,航空,长线,30,60,MA30/MA60,0.008216,0.001996,-0.183993,0.243911,0.333333,2.064680,-0.015483,9,1034,4.103175
601021.SH,春秋航空,航空,超长线,60,120,MA60/MA120,-0.255811,-0.073595,-0.448020,0.459456,0.166667,1.481755,-0.380522,6,974,3.865079
601021.SH,春秋航空,航空,超长线,60,250,MA60/MA250,-0.393046,-0.138501,-0.585255,0.424963,0.000000,0.000000,-1.217323,4,844,3.349206
601111.SH,中国国航,航空,短线,5,10,MA5/MA10,-0.745404,-0.272427,-0.937613,0.770368,0.246154,0.862462,-1.488527,65,1084,4.301587
601111.SH,中国国航,航空,短线,5,20,MA5/MA20,-0.635446,-0.210825,-0.827655,0.649720,0.171429,1.096935,-1.160437,35,1074,4.261905
601111.SH,中国国航,航空,中线,10,20,MA10/MA20,-0.279066,-0.073902,-0.471275,0.451843,0.423077,0.786411,-0.355659,26,1074,4.261905
601111.SH,中国国航,航空,中线,20,30,MA20/MA30,-0.261490,-0.069275,-0.453698,0.451007,0.350000,1.005620,-0.361712,20,1064,4.222222
601111.SH,中国国航,航空,长线,20,60,MA20/MA60,-0.458747,-0.138955,-0.650956,0.601796,0.200000,0.691264,-0.684907,15,1034,4.103175
601111.SH,中国国航,航空,长线,30,60,MA30/MA60,-0.410397,-0.120811,-0.602605,0.442779,0.090909,0.229939,-0.585326,11,1034,4.103175
601111.SH,中国国航,航空,超长线,60,120,MA60/MA120,-0.336729,-0.100779,-0.528938,0.485039,0.000000,0.000000,-0.468117,6,974,3.865079
601111.SH,中国国航,航空,超长线,60,250,MA60/MA250,-0.359839,-0.124690,-0.552048,0.402253,0.000000,0.000000,-0.802964,3,844,3.349206
601857.SH,中国石油,石油,短线,5,10,MA5/MA10,0.638072,0.121570,0.445863,0.260300,0.461538,1.759598,0.514899,52,1084,4.301587
601857.SH,中国石油,石油,短线,5,20,MA5/MA20,0.371700,0.076976,0.179491,0.275135,0.354839,2.606210,0.342713,31,1074,4.261905
601857.SH,中国石油,石油,中线,10,20,MA10/MA20,-0.109810,-0.026924,-0.302019,0.399381,0.307692,1.973013,-0.082326,26,1074,4.261905
601857.SH,中国石油,石油,中线,20,30,MA20/MA30,0.372998,0.077968,0.180789,0.395876,0.363636,2.445188,0.346656,22,1064,4.222222
601857.SH,中国石油,石油,长线,20,60,MA20/MA60,0.317831,0.069576,0.125622,0.328568,0.400000,2.161461,0.314257,10,1034,4.103175
601857.SH,中国石油,石油,长线,30,60,MA30/MA60,0.288373,0.063699,0.096164,0.328669,0.400000,2.043639,0.292123,10,1034,4.103175
601857.SH,中国石油,石油,超长线,60,120,MA60/MA120,0.193778,0.046893,0.001569,0.344094,0.250000,11.835278,0.226840,4,974,3.865079
601857.SH,中国石油,石油,超长线,60,250,MA60/MA250,0.545644,0.138843,0.353435,0.343345,1.000000,999.000000,0.524686,1,844,3.349206
600028.SH,中国石化,石化,短线,5,10,MA5/MA10,0.064810,0.014706,-0.127399,0.241989,0.384615,1.763403,0.055067,52,1084,4.301587
600028.SH,中国石化,石化,短线,5,20,MA5/MA20,0.170373,0.037603,-0.021836,0.261993,0.312500,2.961788,0.183492,32,1074,4.261905
600028.SH,中国石化,石化,中线,10,20,MA10/MA20,-0.046942,-0.011218,-0.239151,0.371955,0.269231,2.511440,-0.067640,26,1074,4.261905
600028.SH,中国石化,石化,中线,20,30,MA20/MA30,-0.054276,-0.013130,-0.246485,0.357633,0.190476,3.921014,-0.065752,21,1064,4.222222
600028.SH,中国石化,石化,长线,20,60,MA20/MA60,0.220424,0.049745,0.028216,0.277654,0.363636,2.692700,0.241616,11,1034,4.103175
600028.SH,中国石化,石化,长线,30,60,MA30/MA60,0.127816,0.029749,-0.064393,0.256339,0.250000,4.443876,0.146237,8,1034,4.103175
600028.SH,中国石化,石化,超长线,60,120,MA60/MA120,0.230436,0.055117,0.038227,0.344689,0.500000,1.919088,0.286508,2,974,3.865079
600028.SH,中国石化,石化,超长线,60,250,MA60/MA250,-0.253519,-0.083598,-0.445728,0.382005,0.000000,0.000000,-0.561768,2,844,3.349206
601186.SH,中国铁建,基建,短线,5,10,MA5/MA10,-0.135236,-0.033214,-0.327445,0.410351,0.230769,2.868116,-0.168720,65,1084,4.301587
601186.SH,中国铁建,基建,短线,5,20,MA5/MA20,-0.280091,-0.074211,-0.472300,0.496588,0.205882,2.310672,-0.389972,34,1074,4.261905
601186.SH,中国铁建,基建,中线,10,20,MA10/MA20,-0.343355,-0.093977,-0.535564,0.441854,0.166667,2.712799,-0.501971,30,1074,4.261905
601186.SH,中国铁建,基建,中线,20,30,MA20/MA30,-0.033233,-0.007973,-0.225441,0.356022,0.250000,2.829832,-0.029442,20,1064,4.222222
601186.SH,中国铁建,基建,长线,20,60,MA20/MA60,-0.033196,-0.008194,-0.225405,0.366057,0.375000,1.509954,-0.049771,8,1034,4.103175
601186.SH,中国铁建,基建,长线,30,60,MA30/MA60,-0.153305,-0.039746,-0.345514,0.348517,0.250000,1.420204,-0.226820,8,1034,4.103175
601186.SH,中国铁建,基建,超长线,60,120,MA60/MA120,-0.022759,-0.005939,-0.214967,0.411131,0.250000,2.585240,-0.039650,4,974,3.865079
601186.SH,中国铁建,基建,超长线,60,250,MA60/MA250,-0.227000,-0.073996,-0.419209,0.517369,0.333333,0.094444,-0.361632,3,844,3.349206
601390.SH,中国中铁,基建,短线,5,10,MA5/MA10,-0.360917,-0.098849,-0.553126,0.586362,0.241935,2.305324,-0.453796,62,1084,4.301587
601390.SH,中国中铁,基建,短线,5,20,MA5/MA20,-0.064912,-0.015624,-0.257121,0.432851,0.285714,2.266466,-0.055776,28,1074,4.261905
601390.SH,中国中铁,基建,中线,10,20,MA10/MA20,-0.415354,-0.118333,-0.607563,0.529071,0.185185,1.722671,-0.582016,27,1074,4.261905
601390.SH,中国中铁,基建,中线,20,30,MA20/MA30,-0.251556,-0.066325,-0.443765,0.356633,0.235294,1.812638,-0.259085,17,1064,4.222222
601390.SH,中国中铁,基建,长线,20,60,MA20/MA60,-0.124545,-0.031897,-0.316754,0.420058,0.250000,2.197543,-0.153087,8,1034,4.103175
601390.SH,中国中铁,基建,长线,30,60,MA30/MA60,-0.246005,-0.066503,-0.438214,0.400805,0.222222,1.652452,-0.325066,9,1034,4.103175
601390.SH,中国中铁,基建,超长线,60,120,MA60/MA120,-0.155127,-0.042676,-0.347336,0.490765,0.200000,2.290105,-0.224934,5,974,3.865079
601390.SH,中国中铁,基建,超长线,60,250,MA60/MA250,-0.419523,-0.149897,-0.611732,0.523917,0.000000,0.000000,-0.882164,4,844,3.349206
601166.SH,兴业银行,银行,短线,5,10,MA5/MA10,-0.204404,-0.051770,-0.396613,0.301144,0.293103,1.774067,-0.352220,58,1084,4.301587
601166.SH,兴业银行,银行,短线,5,20,MA5/MA20,0.000449,0.000105,-0.191759,0.311602,0.344828,1.901558,-0.037099,29,1074,4.261905
601166.SH,兴业银行,银行,中线,10,20,MA10/MA20,-0.185204,-0.046921,-0.377413,0.306256,0.423077,0.927103,-0.333483,26,1074,4.261905
601166.SH,兴业银行,银行,中线,20,30,MA20/MA30,-0.204092,-0.052629,-0.396301,0.281372,0.294118,1.487108,-0.501353,17,1064,4.222222
601166.SH,兴业银行,银行,长线,20,60,MA20/MA60,-0.120573,-0.030828,-0.312782,0.188224,0.400000,0.808531,-0.332806,10,1034,4.103175
601166.SH,兴业银行,银行,长线,30,60,MA30/MA60,-0.071444,-0.017903,-0.263653,0.215456,0.222222,2.269771,-0.240161,9,1034,4.103175
601166.SH,兴业银行,银行,超长线,60,120,MA60/MA120,-0.033776,-0.008850,-0.225985,0.202650,0.333333,1.168680,-0.173778,3,974,3.865079
601166.SH,兴业银行,银行,超长线,60,250,MA60/MA250,0.343467,0.092159,0.151258,0.216870,1.000000,999.000000,0.532948,1,844,3.349206
600000.SH,浦发银行,银行,短线,5,10,MA5/MA10,0.043952,0.010050,-0.148257,0.305716,0.350877,1.929875,0.001590,57,1084,4.301587
600000.SH,浦发银行,银行,短线,5,20,MA5/MA20,-0.127976,-0.031620,-0.320185,0.309896,0.272727,2.198467,-0.268615,33,1074,4.261905
600000.SH,浦发银行,银行,中线,10,20,MA10/MA20,-0.209261,-0.053600,-0.401470,0.307019,0.230769,2.258621,-0.437988,26,1074,4.261905
600000.SH,浦发银行,银行,中线,20,30,MA20/MA30,-0.212060,-0.054884,-0.404269,0.324923,0.208333,2.309710,-0.441887,24,1064,4.222222
600000.SH,浦发银行,银行,长线,20,60,MA20/MA60,0.156275,0.036022,-0.035934,0.209487,0.250000,4.574624,0.178062,8,1034,4.103175
600000.SH,浦发银行,银行,长线,30,60,MA30/MA60,0.456580,0.095991,0.264371,0.184821,0.285714,9.914705,0.546669,7,1034,4.103175
600000.SH,浦发银行,银行,超长线,60,120,MA60/MA120,0.578697,0.125396,0.386488,0.218355,0.500000,18.947017,0.657039,2,974,3.865079
600000.SH,浦发银行,银行,超长线,60,250,MA60/MA250,0.475945,0.123261,0.283736,0.228936,0.500000,8.084235,0.613711,2,844,3.349206
600588.SH,用友网络,企业软件,短线,5,10,MA5/MA10,-0.357877,-0.097855,-0.550086,0.538610,0.250000,2.094574,-0.230496,56,1084,4.301587
600588.SH,用友网络,企业软件,短线,5,20,MA5/MA20,0.072700,0.016603,-0.119509,0.442143,0.275862,2.835386,0.141836,29,1074,4.261905
600588.SH,用友网络,企业软件,中线,10,20,MA10/MA20,0.259813,0.055688,0.067604,0.500139,0.259259,3.488653,0.268060,27,1074,4.261905
600588.SH,用友网络,企业软件,中线,20,30,MA20/MA30,-0.473150,-0.140821,-0.665359,0.561546,0.272727,1.089910,-0.398446,22,1064,4.222222
600588.SH,用友网络,企业软件,长线,20,60,MA20/MA60,-0.593737,-0.197101,-0.785946,0.646489,0.125000,0.279154,-0.672854,8,1034,4.103175
600588.SH,用友网络,企业软件,长线,30,60,MA30/MA60,-0.660966,-0.231730,-0.853175,0.661898,0.111111,0.175769,-0.856414,9,1034,4.103175
600588.SH,用友网络,企业软件,超长线,60,120,MA60/MA120,-0.317115,-0.093973,-0.509324,0.513721,0.000000,0.000000,-0.220660,3,974,3.865079
600588.SH,用友网络,企业软件,超长线,60,250,MA60/MA250,0.095240,0.027535,-0.096969,0.383837,1.000000,999.000000,0.162731,1,844,3.349206
002230.SZ,科大讯飞,AI语音,短线,5,10,MA5/MA10,0.056486,0.012856,-0.135723,0.476642,0.298246,2.348091,0.128106,57,1084,4.301587
002230.SZ,科大讯飞,AI语音,短线,5,20,MA5/MA20,0.277315,0.059111,0.085106,0.478510,0.400000,1.875816,0.274382,30,1074,4.261905
002230.SZ,科大讯飞,AI语音,中线,10,20,MA10/MA20,0.374056,0.077410,0.181847,0.478368,0.370370,2.238290,0.328964,27,1074,4.261905
002230.SZ,科大讯飞,AI语音,中线,20,30,MA20/MA30,0.929289,0.168407,0.737080,0.314594,0.545455,1.494085,0.574352,22,1064,4.222222
002230.SZ,科大讯飞,AI语音,长线,20,60,MA20/MA60,-0.137870,-0.035509,-0.330079,0.522313,0.250000,2.423201,-0.033008,8,1034,4.103175
002230.SZ,科大讯飞,AI语音,长线,30,60,MA30/MA60,-0.273860,-0.075028,-0.466069,0.560787,0.363636,1.193245,-0.177392,11,1034,4.103175
002230.SZ,科大讯飞,AI语音,超长线,60,120,MA60/MA120,-0.397833,-0.122986,-0.590042,0.596955,0.333333,0.225110,-0.334286,6,974,3.865079
002230.SZ,科大讯飞,AI语音,超长线,60,250,MA60/MA250,-0.113028,-0.035178,-0.305236,0.502570,0.000000,0.000000,-0.004194,2,844,3.349206
603799.SH,华友钴业,钴镍,短线,5,10,MA5/MA10,-0.296728,-0.078574,-0.488936,0.594654,0.351852,1.435254,-0.163073,54,1084,4.301587
603799.SH,华友钴业,钴镍,短线,5,20,MA5/MA20,-0.127867,-0.031592,-0.320075,0.589792,0.354839,1.616603,0.006382,31,1074,4.261905
603799.SH,华友钴业,钴镍,中线,10,20,MA10/MA20,-0.277068,-0.073300,-0.469277,0.697624,0.241379,2.203648,-0.136832,29,1074,4.261905
603799.SH,华友钴业,钴镍,中线,20,30,MA20/MA30,0.282223,0.060646,0.090014,0.485059,0.400000,2.115262,0.283098,20,1064,4.222222
603799.SH,华友钴业,钴镍,长线,20,60,MA20/MA60,-0.094234,-0.023833,-0.286443,0.452145,0.250000,2.509821,0.022500,8,1034,4.103175
603799.SH,华友钴业,钴镍,长线,30,60,MA30/MA60,-0.262656,-0.071569,-0.454865,0.597896,0.222222,2.259868,-0.173365,9,1034,4.103175
603799.SH,华友钴业,钴镍,超长线,60,120,MA60/MA120,0.621513,0.133214,0.429304,0.308810,0.500000,3.991875,0.516496,2,974,3.865079
603799.SH,华友钴业,钴镍,超长线,60,250,MA60/MA250,0.396835,0.104936,0.204626,0.418651,1.000000,999.000000,0.412759,1,844,3.349206
600362.SH,江西铜业,铜,短线,5,10,MA5/MA10,-0.100557,-0.024336,-0.292765,0.513999,0.350877,1.739457,-0.011135,57,1084,4.301587
600362.SH,江西铜业,铜,短线,5,20,MA5/MA20,0.283758,0.060362,0.091550,0.366286,0.333333,2.560575,0.278161,33,1074,4.261905
600362.SH,江西铜业,铜,中线,10,20,MA10/MA20,0.164331,0.036344,-0.027878,0.411399,0.354839,2.066213,0.201688,31,1074,4.261905
600362.SH,江西铜业,铜,中线,20,30,MA20/MA30,0.497222,0.100310,0.305013,0.461997,0.473684,1.906864,0.401423,19,1064,4.222222
600362.SH,江西铜业,铜,长线,20,60,MA20/MA60,1.059178,0.192481,0.866969,0.411645,0.300000,6.699222,0.675778,10,1034,4.103175
600362.SH,江西铜业,铜,长线,30,60,MA30/MA60,1.823611,0.287856,1.631402,0.367884,0.666667,4.765642,0.904589,9,1034,4.103175
600362.SH,江西铜业,铜,超长线,60,120,MA60/MA120,1.054866,0.204829,0.862657,0.395418,0.400000,12.148944,0.707163,5,974,3.865079
600362.SH,江西铜业,铜,超长线,60,250,MA60/MA250,0.686353,0.168858,0.494144,0.432365,0.333333,0.382733,0.555519,3,844,3.349206
600511.SH,国药股份,医药流通,短线,5,10,MA5/MA10,-0.527658,-0.160011,-0.719867,0.528678,0.234375,1.450893,-0.820843,64,1084,4.301587
600511.SH,国药股份,医药流通,短线,5,20,MA5/MA20,-0.403371,-0.114126,-0.595580,0.499512,0.205882,1.844779,-0.570461,34,1074,4.261905
600511.SH,国药股份,医药流通,中线,10,20,MA10/MA20,-0.325510,-0.088259,-0.517719,0.448167,0.233333,1.922469,-0.446212,30,1074,4.261905
600511.SH,国药股份,医药流通,中线,20,30,MA20/MA30,-0.156359,-0.039470,-0.348568,0.366846,0.260870,2.120037,-0.205721,23,1064,4.222222
600511.SH,国药股份,医药流通,长线,20,60,MA20/MA60,-0.169900,-0.044367,-0.362108,0.418048,0.200000,2.704729,-0.217378,10,1034,4.103175
600511.SH,国药股份,医药流通,长线,30,60,MA30/MA60,-0.090307,-0.022803,-0.282515,0.401656,0.333333,1.583189,-0.126078,9,1034,4.103175
600511.SH,国药股份,医药流通,超长线,60,120,MA60/MA120,0.089681,0.022469,-0.102528,0.297823,0.500000,1.582571,0.096453,4,974,3.865079
600511.SH,国药股份,医药流通,超长线,60,250,MA60/MA250,-0.355918,-0.123092,-0.548127,0.359090,0.000000,0.000000,-1.304597,3,844,3.349206
600308.SH,太阳纸业,造纸,短线,5,10,MA5/MA10,-0.327331,-0.088055,-0.519539,0.369746,0.320755,1.177560,-0.498287,53,1084,4.301587
600308.SH,太阳纸业,造纸,短线,5,20,MA5/MA20,-0.440066,-0.127222,-0.632275,0.474292,0.228571,1.115377,-0.851160,35,1074,4.261905
600308.SH,太阳纸业,造纸,中线,10,20,MA10/MA20,-0.537780,-0.165625,-0.729989,0.566490,0.322581,0.567049,-0.714637,31,1074,4.261905
600308.SH,太阳纸业,造纸,中线,20,30,MA20/MA30,-0.608503,-0.199169,-0.800712,0.624638,0.285714,0.327054,-0.950895,21,1064,4.222222
600308.SH,太阳纸业,造纸,长线,20,60,MA20/MA60,-0.350857,-0.099954,-0.543065,0.411766,0.181818,0.399744,-0.632721,11,1034,4.103175
600308.SH,太阳纸业,造纸,长线,30,60,MA30/MA60,-0.271227,-0.074211,-0.463436,0.370895,0.090909,2.255997,-0.493452,11,1034,4.103175
600308.SH,太阳纸业,造纸,超长线,60,120,MA60/MA120,-0.185885,-0.051817,-0.378094,0.249857,0.250000,0.488864,-0.331586,4,974,3.865079
600308.SH,太阳纸业,造纸,超长线,60,250,MA60/MA250,-0.193944,-0.062346,-0.386153,0.266363,0.000000,0.000000,-0.375470,3,844,3.349206
000413.SZ,东阿阿胶,中药保健品,短线,5,10,MA5/MA10,-0.306868,-0.147220,0.000000,0.383633,0.260870,1.382168,-0.578858,23,580,2.301587
000413.SZ,东阿阿胶,中药保健品,短线,5,20,MA5/MA20,-0.107519,-0.049046,0.000000,0.253587,0.428571,0.785770,-0.179162,14,570,2.261905
000413.SZ,东阿阿胶,中药保健品,中线,10,20,MA10/MA20,0.075916,0.032879,0.000000,0.219349,0.416667,1.809586,0.174768,12,570,2.261905
000413.SZ,东阿阿胶,中药保健品,中线,20,30,MA20/MA30,-0.019450,-0.008800,0.000000,0.322637,0.250000,2.775426,0.002067,8,560,2.222222
000413.SZ,东阿阿胶,中药保健品,长线,20,60,MA20/MA60,-0.097324,-0.047518,0.000000,0.332139,0.400000,0.777434,-0.129547,5,530,2.103175
000413.SZ,东阿阿胶,中药保健品,长线,30,60,MA30/MA60,-0.063038,-0.030485,0.000000,0.085740,0.000000,0.000000,-1.026653,2,530,2.103175
000413.SZ,东阿阿胶,中药保健品,超长线,60,120,MA60/MA120,-0.098471,-0.054065,0.000000,0.226435,0.000000,0.000000,-0.447902,1,470,1.865079
000413.SZ,东阿阿胶,中药保健品,超长线,60,250,MA60/MA250,-0.064915,-0.048529,0.000000,0.425100,0.000000,0.000000,-0.102501,1,340,1.349206
603568.SH,伟明环保,环保,短线,5,10,MA5/MA10,-0.469492,-0.137024,-0.661701,0.583722,0.303571,1.010413,-0.583750,56,1084,4.301587
603568.SH,伟明环保,环保,短线,5,20,MA5/MA20,-0.432997,-0.124649,-0.625206,0.580664,0.312500,0.982753,-0.501424,32,1074,4.261905
603568.SH,伟明环保,环保,中线,10,20,MA10/MA20,-0.500811,-0.150425,-0.693020,0.507203,0.250000,1.079657,-0.678843,32,1074,4.261905
603568.SH,伟明环保,环保,中线,20,30,MA20/MA30,-0.216610,-0.056179,-0.408819,0.466949,0.360000,1.100339,-0.215113,25,1064,4.222222
603568.SH,伟明环保,环保,长线,20,60,MA20/MA60,-0.020840,-0.005119,-0.213048,0.494960,0.375000,1.553483,0.018664,8,1034,4.103175
603568.SH,伟明环保,环保,长线,30,60,MA30/MA60,0.013105,0.003178,-0.179104,0.482394,0.222222,3.669383,0.052075,9,1034,4.103175
603568.SH,伟明环保,环保,超长线,60,120,MA60/MA120,-0.399561,-0.123637,-0.591770,0.422378,0.000000,0.000000,-0.740595,5,974,3.865079
603568.SH,伟明环保,环保,超长线,60,250,MA60/MA250,-0.359707,-0.124636,-0.551916,0.493745,0.333333,0.149633,-0.493672,3,844,3.349206
002050.SZ,三花智控,热管理,短线,5,10,MA5/MA10,0.498179,0.098535,0.305970,0.403163,0.368421,2.119227,0.384392,57,1084,4.301587
002050.SZ,三花智控,热管理,短线,5,20,MA5/MA20,0.229410,0.049654,0.037201,0.419660,0.250000,3.471229,0.258461,36,1074,4.261905
002050.SZ,三花智控,热管理,中线,10,20,MA10/MA20,0.044757,0.010326,-0.147452,0.554988,0.193548,4.307539,0.154374,31,1074,4.261905
002050.SZ,三花智控,热管理,中线,20,30,MA20/MA30,2.119651,0.309258,1.927442,0.367761,0.526316,3.201072,0.851714,19,1064,4.222222
002050.SZ,三花智控,热管理,长线,20,60,MA20/MA60,0.031955,0.007696,-0.160254,0.595976,0.307692,2.306003,0.148366,13,1034,4.103175
002050.SZ,三花智控,热管理,长线,30,60,MA30/MA60,0.040072,0.009621,-0.152137,0.569715,0.307692,2.331539,0.164020,13,1034,4.103175
002050.SZ,三花智控,热管理,超长线,60,120,MA60/MA120,0.315247,0.073471,0.123038,0.364424,0.600000,1.588909,0.322982,5,974,3.865079
002050.SZ,三花智控,热管理,超长线,60,250,MA60/MA250,-0.267823,-0.088876,-0.460032,0.401063,0.000000,0.000000,-0.482077,2,844,3.349206
601601.SH,中国太保,保险,短线,5,10,MA5/MA10,-0.077847,-0.018664,-0.270056,0.399574,0.263158,2.660992,-0.026815,57,1084,4.301587
601601.SH,中国太保,保险,短线,5,20,MA5/MA20,-0.248271,-0.064768,-0.440480,0.424673,0.236842,2.554081,-0.232999,38,1074,4.261905
601601.SH,中国太保,保险,中线,10,20,MA10/MA20,0.120717,0.027102,-0.071492,0.412382,0.370370,1.929465,0.148269,27,1074,4.261905
601601.SH,中国太保,保险,中线,20,30,MA20/MA30,0.119873,0.027177,-0.072336,0.327281,0.470588,1.363113,0.146212,17,1064,4.222222
601601.SH,中国太保,保险,长线,20,60,MA20/MA60,-0.085629,-0.021581,-0.277838,0.361998,0.400000,1.172186,-0.059745,10,1034,4.103175
601601.SH,中国太保,保险,长线,30,60,MA30/MA60,-0.172798,-0.045182,-0.365007,0.387371,0.454545,0.782558,-0.162847,11,1034,4.103175
601601.SH,中国太保,保险,超长线,60,120,MA60/MA120,0.064908,0.016404,-0.127301,0.404872,0.400000,1.747329,0.115139,5,974,3.865079
601601.SH,中国太保,保险,超长线,60,250,MA60/MA250,0.065590,0.019149,-0.126619,0.309602,0.500000,2.350566,0.116699,2,844,3.349206
600837.SH,海通证券,券商,短线,5,10,MA5/MA10,-0.113018,-0.041163,0.000000,0.275069,0.305556,1.892597,-0.232000,36,719,2.853175
600837.SH,海通证券,券商,短线,5,20,MA5/MA20,-0.115237,-0.042584,0.000000,0.329345,0.272727,2.026988,-0.224960,22,709,2.813492
600837.SH,海通证券,券商,中线,10,20,MA10/MA20,-0.021847,-0.007821,0.000000,0.316033,0.350000,1.766620,-0.047194,20,709,2.813492
600837.SH,海通证券,券商,中线,20,30,MA20/MA30,-0.153886,-0.058464,0.000000,0.253800,0.461538,0.492208,-0.341543,13,699,2.773810
600837.SH,海通证券,券商,长线,20,60,MA20/MA60,-0.042216,-0.016116,0.000000,0.219614,0.250000,2.320151,-0.078671,8,669,2.654762
600837.SH,海通证券,券商,长线,30,60,MA30/MA60,0.026072,0.009742,0.000000,0.286507,0.166667,5.625879,0.053376,6,669,2.654762
600837.SH,海通证券,券商,超长线,60,120,MA60/MA120,0.240625,0.093321,0.000000,0.228201,1.000000,999.000000,0.419032,1,609,2.416667
600837.SH,海通证券,券商,超长线,60,250,MA60/MA250,-0.259521,-0.146210,0.000000,0.306777,0.000000,0.000000,-0.983419,1,479,1.900794
000776.SZ,广发证券,券商,短线,5,10,MA5/MA10,-0.174774,-0.043675,-0.366983,0.350916,0.300000,1.938119,-0.154257,60,1084,4.301587
000776.SZ,广发证券,券商,短线,5,20,MA5/MA20,0.232674,0.050307,0.040465,0.310679,0.363636,2.126279,0.240175,33,1074,4.261905
000776.SZ,广发证券,券商,中线,10,20,MA10/MA20,0.069068,0.015794,-0.123141,0.325859,0.416667,1.461510,0.098549,24,1074,4.261905
000776.SZ,广发证券,券商,中线,20,30,MA20/MA30,-0.346479,-0.095839,-0.538688,0.434009,0.142857,3.147751,-0.425702,21,1064,4.222222
000776.SZ,广发证券,券商,长线,20,60,MA20/MA60,-0.182505,-0.047925,-0.374714,0.339279,0.222222,2.522675,-0.193872,9,1034,4.103175
000776.SZ,广发证券,券商,长线,30,60,MA30/MA60,0.219987,0.049653,0.027778,0.289916,0.285714,3.137059,0.237967,7,1034,4.103175
000776.SZ,广发证券,券商,超长线,60,120,MA60/MA120,0.341063,0.078884,0.148854,0.175609,0.800000,1.320198,0.398008,5,974,3.865079
000776.SZ,广发证券,券商,超长线,60,250,MA60/MA250,0.257633,0.070840,0.065424,0.275124,0.500000,7.195560,0.337197,2,844,3.349206
601933.SH,永辉超市,超市,短线,5,10,MA5/MA10,-0.262429,-0.068317,-0.454638,0.635997,0.272727,2.196421,-0.081354,55,1084,4.301587
601933.SH,永辉超市,超市,短线,5,20,MA5/MA20,-0.179364,-0.045323,-0.371572,0.458981,0.222222,2.799436,-0.038440,27,1074,4.261905
601933.SH,永辉超市,超市,中线,10,20,MA10/MA20,-0.076854,-0.018588,-0.269062,0.523662,0.272727,2.431312,0.039059,22,1074,4.261905
601933.SH,永辉超市,超市,中线,20,30,MA20/MA30,-0.011421,-0.002717,-0.203630,0.489170,0.266667,2.718551,0.101174,15,1064,4.222222
601933.SH,永辉超市,超市,长线,20,60,MA20/MA60,0.381647,0.081974,0.189438,0.502180,0.400000,2.556308,0.341751,5,1034,4.103175
601933.SH,永辉超市,超市,长线,30,60,MA30/MA60,-0.273557,-0.074934,-0.465766,0.574127,0.125000,4.764872,-0.117081,8,1034,4.103175
601933.SH,永辉超市,超市,超长线,60,120,MA60/MA120,0.092821,0.023231,-0.099388,0.409514,0.285714,2.893979,0.156222,7,974,3.865079
601933.SH,永辉超市,超市,超长线,60,250,MA60/MA250,0.072258,0.021049,-0.119951,0.408792,0.500000,2.676394,0.147545,2,844,3.349206
300014.SZ,亿纬锂能,锂电池,短线,5,10,MA5/MA10,-0.204863,-0.051897,-0.397072,0.523721,0.306452,1.938541,-0.026264,62,1084,4.301587
300014.SZ,亿纬锂能,锂电池,短线,5,20,MA5/MA20,-0.222450,-0.057328,-0.414659,0.630628,0.212121,3.106200,-0.039218,33,1074,4.261905
300014.SZ,亿纬锂能,锂电池,中线,10,20,MA10/MA20,-0.271714,-0.071694,-0.463923,0.575461,0.200000,3.291733,-0.083042,30,1074,4.261905
300014.SZ,亿纬锂能,锂电池,中线,20,30,MA20/MA30,-0.585715,-0.188366,-0.777924,0.781875,0.333333,0.972550,-0.481713,24,1064,4.222222
300014.SZ,亿纬锂能,锂电池,长线,20,60,MA20/MA60,-0.261892,-0.071335,-0.454101,0.647043,0.250000,1.533767,-0.121777,8,1034,4.103175
300014.SZ,亿纬锂能,锂电池,长线,30,60,MA30/MA60,0.238515,0.053516,0.046306,0.372163,0.625000,1.023459,0.256392,8,1034,4.103175
300014.SZ,亿纬锂能,锂电池,超长线,60,120,MA60/MA120,-0.114295,-0.030914,-0.306503,0.430746,0.500000,0.686317,-0.004441,6,974,3.865079
300014.SZ,亿纬锂能,锂电池,超长线,60,250,MA60/MA250,0.080043,0.023257,-0.112165,0.394404,1.000000,999.000000,0.175641,1,844,3.349206
002460.SZ,赣锋锂业,锂矿,短线,5,10,MA5/MA10,-0.223551,-0.057125,-0.415760,0.647457,0.266667,2.288930,-0.038681,60,1084,4.301587
002460.SZ,赣锋锂业,锂矿,短线,5,20,MA5/MA20,0.072056,0.016460,-0.120153,0.590908,0.321429,2.283738,0.173636,28,1074,4.261905
002460.SZ,赣锋锂业,锂矿,中线,10,20,MA10/MA20,0.487987,0.097737,0.295778,0.594923,0.357143,3.150309,0.388927,28,1074,4.261905
002460.SZ,赣锋锂业,锂矿,中线,20,30,MA20/MA30,0.342969,0.072337,0.150760,0.617234,0.307692,3.818051,0.322574,13,1064,4.222222
002460.SZ,赣锋锂业,锂矿,长线,20,60,MA20/MA60,-0.315034,-0.088094,-0.507243,0.662992,0.111111,3.835616,-0.170708,9,1034,4.103175
002460.SZ,赣锋锂业,锂矿,长线,30,60,MA30/MA60,-0.364414,-0.104571,-0.556623,0.643592,0.111111,4.149760,-0.226257,9,1034,4.103175
002460.SZ,赣锋锂业,锂矿,超长线,60,120,MA60/MA120,0.158319,0.038757,-0.033890,0.406763,0.000000,0.000000,0.206486,1,974,3.865079
002460.SZ,赣锋锂业,锂矿,超长线,60,250,MA60/MA250,0.149643,0.042516,-0.042566,0.408578,0.000000,0.000000,0.223796,1,844,3.349206
688599.SH,天合光能,光伏组件,短线,5,10,MA5/MA10,-0.677968,-0.231577,-0.870177,0.730944,0.253968,1.619167,-0.593727,63,1084,4.301587
688599.SH,天合光能,光伏组件,短线,5,20,MA5/MA20,-0.146755,-0.036554,-0.338964,0.524954,0.322581,1.753398,0.032578,31,1074,4.261905
688599.SH,天合光能,光伏组件,中线,10,20,MA10/MA20,-0.590479,-0.188991,-0.782688,0.665306,0.241379,0.987320,-0.449766,29,1074,4.261905
688599.SH,天合光能,光伏组件,中线,20,30,MA20/MA30,-0.715558,-0.257524,-0.907767,0.722541,0.250000,0.625735,-0.713381,20,1064,4.222222
688599.SH,天合光能,光伏组件,长线,20,60,MA20/MA60,0.109482,0.025643,-0.082727,0.366547,0.500000,1.421153,0.175693,6,1034,4.103175
688599.SH,天合光能,光伏组件,长线,30,60,MA30/MA60,-0.277253,-0.076083,-0.469462,0.469145,0.285714,0.969283,-0.168730,7,1034,4.103175
688599.SH,天合光能,光伏组件,超长线,60,120,MA60/MA120,-0.333419,-0.099620,-0.525628,0.483647,0.250000,0.777846,-0.299727,4,974,3.865079
688599.SH,天合光能,光伏组件,超长线,60,250,MA60/MA250,-0.515802,-0.194705,-0.708011,0.515802,0.000000,0.000000,-0.990799,2,844,3.349206
002371.SZ,北方华创,半导体设备,短线,5,10,MA5/MA10,-0.365571,-0.100379,-0.557780,0.463941,0.362069,1.238997,-0.296897,58,1084,4.301587
002371.SZ,北方华创,半导体设备,短线,5,20,MA5/MA20,0.006413,0.001501,-0.185796,0.419270,0.314286,1.875973,0.070795,35,1074,4.261905
002371.SZ,北方华创,半导体设备,中线,10,20,MA10/MA20,-0.319976,-0.086509,-0.512185,0.533152,0.363636,1.029113,-0.255026,33,1074,4.261905
002371.SZ,北方华创,半导体设备,中线,20,30,MA20/MA30,0.115167,0.026153,-0.077042,0.410644,0.434783,0.848921,0.150843,23,1064,4.222222
002371.SZ,北方华创,半导体设备,长线,20,60,MA20/MA60,0.774831,0.150067,0.582622,0.340735,0.500000,1.645514,0.559722,8,1034,4.103175
002371.SZ,北方华创,半导体设备,长线,30,60,MA30/MA60,0.943346,0.175773,0.751137,0.311199,0.500000,2.923734,0.637874,6,1034,4.103175
002371.SZ,北方华创,半导体设备,超长线,60,120,MA60/MA120,0.668578,0.141634,0.476369,0.327214,0.666667,0.194229,0.501952,3,974,3.865079
002371.SZ,北方华创,半导体设备,超长线,60,250,MA60/MA250,0.619340,0.154792,0.427131,0.285002,0.500000,0.351610,0.558769,2,844,3.349206
603501.SH,韦尔股份,CIS芯片,短线,5,10,MA5/MA10,-0.125611,-0.030723,-0.317820,0.401902,0.285714,2.105573,-0.074199,56,1084,4.301587
603501.SH,韦尔股份,CIS芯片,短线,5,20,MA5/MA20,-0.315353,-0.085056,-0.507562,0.368154,0.264706,1.572852,-0.313983,34,1074,4.261905
603501.SH,韦尔股份,CIS芯片,中线,10,20,MA10/MA20,-0.506023,-0.152515,-0.698232,0.543614,0.296296,1.050683,-0.631813,27,1074,4.261905
603501.SH,韦尔股份,CIS芯片,中线,20,30,MA20/MA30,-0.361212,-0.100709,-0.553421,0.448745,0.222222,1.454218,-0.433438,18,1064,4.222222
603501.SH,韦尔股份,CIS芯片,长线,20,60,MA20/MA60,-0.584897,-0.192877,-0.777105,0.605254,0.230769,0.408272,-0.931526,13,1034,4.103175
603501.SH,韦尔股份,CIS芯片,长线,30,60,MA30/MA60,-0.517271,-0.162636,-0.709480,0.541125,0.166667,1.126098,-0.731003,12,1034,4.103175
603501.SH,韦尔股份,CIS芯片,超长线,60,120,MA60/MA120,-0.243163,-0.069547,-0.435372,0.430287,0.200000,1.252280,-0.285596,5,974,3.865079
603501.SH,韦尔股份,CIS芯片,超长线,60,250,MA60/MA250,-0.108892,-0.033837,-0.301101,0.408100,0.333333,1.022791,-0.080055,3,844,3.349206
601669.SH,中国电建,水电建设,短线,5,10,MA5/MA10,-0.452814,-0.130792,-0.645022,0.528652,0.215385,1.818613,-0.530347,65,1084,4.301587
601669.SH,中国电建,水电建设,短线,5,20,MA5/MA20,-0.477111,-0.141128,-0.669320,0.578112,0.138889,1.918034,-0.615228,36,1074,4.261905
601669.SH,中国电建,水电建设,中线,10,20,MA10/MA20,-0.369698,-0.102640,-0.561907,0.479909,0.212121,1.564186,-0.429703,33,1074,4.261905
601669.SH,中国电建,水电建设,中线,20,30,MA20/MA30,-0.565807,-0.179293,-0.758016,0.607643,0.272727,0.693609,-0.958289,22,1064,4.222222
601669.SH,中国电建,水电建设,长线,20,60,MA20/MA60,-0.318371,-0.089178,-0.510580,0.429539,0.125000,1.579681,-0.465838,8,1034,4.103175
601669.SH,中国电建,水电建设,长线,30,60,MA30/MA60,-0.148386,-0.038390,-0.340595,0.360942,0.333333,0.968585,-0.193342,9,1034,4.103175
601669.SH,中国电建,水电建设,超长线,60,120,MA60/MA120,-0.669812,-0.249258,-0.862021,0.726471,0.166667,0.254838,-1.866925,6,974,3.865079
601669.SH,中国电建,水电建设,超长线,60,250,MA60/MA250,-0.393105,-0.138525,-0.585314,0.405962,0.000000,0.000000,-0.688003,3,844,3.349206
601880.SH,辽港股份,港口,短线,5,10,MA5/MA10,-0.270697,-0.070756,-0.462906,0.394554,0.215686,2.128837,-0.477919,51,1084,4.301587
601880.SH,辽港股份,港口,短线,5,20,MA5/MA20,-0.091418,-0.022243,-0.283627,0.312339,0.269231,2.145654,-0.189128,26,1074,4.261905
601880.SH,辽港股份,港口,中线,10,20,MA10/MA20,-0.145439,-0.036206,-0.337648,0.290334,0.217391,2.564827,-0.322359,23,1074,4.261905
601880.SH,辽港股份,港口,中线,20,30,MA20/MA30,-0.008471,-0.002013,-0.200680,0.372579,0.222222,3.418154,-0.052728,18,1064,4.222222
601880.SH,辽港股份,港口,长线,20,60,MA20/MA60,-0.095410,-0.024142,-0.287618,0.256975,0.300000,1.410900,-0.232857,10,1034,4.103175
601880.SH,辽港股份,港口,长线,30,60,MA30/MA60,-0.112369,-0.028633,-0.304578,0.254602,0.300000,0.944450,-0.267426,10,1034,4.103175
601880.SH,辽港股份,港口,超长线,60,120,MA60/MA120,-0.076291,-0.020323,-0.268500,0.184946,0.333333,0.614331,-0.461386,3,974,3.865079
601880.SH,辽港股份,港口,超长线,60,250,MA60/MA250,-0.070707,-0.021657,-0.262916,0.223363,0.000000,0.000000,-0.162966,1,844,3.349206
000596.SZ,古井贡酒,白酒,短线,5,10,MA5/MA10,-0.469783,-0.137135,-0.661992,0.494331,0.338983,1.161372,-0.614372,59,1084,4.301587
000596.SZ,古井贡酒,白酒,短线,5,20,MA5/MA20,0.045098,0.010404,-0.147111,0.317339,0.333333,2.117170,0.062669,27,1074,4.261905
000596.SZ,古井贡酒,白酒,中线,10,20,MA10/MA20,-0.428005,-0.122847,-0.620214,0.544934,0.296296,1.378565,-0.625903,27,1074,4.261905
000596.SZ,古井贡酒,白酒,中线,20,30,MA20/MA30,-0.320707,-0.087519,-0.512916,0.375940,0.222222,2.002252,-0.438098,18,1064,4.222222
000596.SZ,古井贡酒,白酒,长线,20,60,MA20/MA60,-0.231863,-0.062265,-0.424071,0.396842,0.555556,0.299105,-0.384799,9,1034,4.103175
000596.SZ,古井贡酒,白酒,长线,30,60,MA30/MA60,-0.213941,-0.056980,-0.406150,0.389832,0.300000,0.337529,-0.310831,10,1034,4.103175
000596.SZ,古井贡酒,白酒,超长线,60,120,MA60/MA120,-0.556882,-0.189888,-0.749091,0.567620,0.000000,0.000000,-1.566728,5,974,3.865079
000596.SZ,古井贡酒,白酒,超长线,60,250,MA60/MA250,-0.277161,-0.092361,-0.469370,0.277161,0.000000,0.000000,-1.759268,2,844,3.349206
603369.SH,今世缘,白酒,短线,5,10,MA5/MA10,-0.338988,-0.091754,-0.531197,0.507615,0.333333,1.561261,-0.366235,57,1084,4.301587
603369.SH,今世缘,白酒,短线,5,20,MA5/MA20,0.321681,0.067630,0.129472,0.313907,0.333333,2.741424,0.310996,27,1074,4.261905
603369.SH,今世缘,白酒,中线,10,20,MA10/MA20,-0.156940,-0.039265,-0.349149,0.367603,0.296296,1.983134,-0.161431,27,1074,4.261905
603369.SH,今世缘,白酒,中线,20,30,MA20/MA30,-0.216288,-0.056087,-0.408497,0.338669,0.312500,1.638106,-0.259456,16,1064,4.222222
603369.SH,今世缘,白酒,长线,20,60,MA20/MA60,-0.168942,-0.044099,-0.361151,0.440727,0.375000,1.135212,-0.218469,8,1034,4.103175
603369.SH,今世缘,白酒,长线,30,60,MA30/MA60,-0.222425,-0.059471,-0.414634,0.452732,0.222222,2.054128,-0.309352,9,1034,4.103175
603369.SH,今世缘,白酒,超长线,60,120,MA60/MA120,-0.493541,-0.161395,-0.685750,0.510039,0.000000,0.000000,-1.047981,6,974,3.865079
603369.SH,今世缘,白酒,超长线,60,250,MA60/MA250,-0.470930,-0.173111,-0.663139,0.541753,0.000000,0.000000,-1.104150,3,844,3.349206
600690.SH,海尔智家,家电,短线,5,10,MA5/MA10,-0.203810,-0.051605,-0.396019,0.378001,0.305085,1.801261,-0.312301,59,1084,4.301587
600690.SH,海尔智家,家电,短线,5,20,MA5/MA20,0.106334,0.023994,-0.085875,0.277987,0.343750,2.303505,0.109571,32,1074,4.261905
600690.SH,海尔智家,家电,中线,10,20,MA10/MA20,-0.128138,-0.031662,-0.320347,0.363734,0.307692,1.830862,-0.202282,26,1074,4.261905
600690.SH,海尔智家,家电,中线,20,30,MA20/MA30,-0.161657,-0.040902,-0.353866,0.359444,0.111111,5.447359,-0.246642,18,1064,4.222222
600690.SH,海尔智家,家电,长线,20,60,MA20/MA60,-0.260353,-0.070864,-0.452562,0.323590,0.200000,1.503318,-0.414692,10,1034,4.103175
600690.SH,海尔智家,家电,长线,30,60,MA30/MA60,-0.299315,-0.083037,-0.491524,0.372217,0.125000,2.006126,-0.540015,8,1034,4.103175
600690.SH,海尔智家,家电,超长线,60,120,MA60/MA120,-0.308633,-0.091074,-0.500842,0.379406,0.166667,0.189279,-0.579178,6,974,3.865079
600690.SH,海尔智家,家电,超长线,60,250,MA60/MA250,-0.081691,-0.025124,-0.273900,0.282206,0.333333,1.091869,-0.148586,3,844,3.349206
600096.SH,云天化,化肥,短线,5,10,MA5/MA10,0.860427,0.155254,0.668218,0.403873,0.431373,2.123592,0.570767,51,1084,4.301587
600096.SH,云天化,化肥,短线,5,20,MA5/MA20,-0.156374,-0.039114,-0.348583,0.512341,0.322581,1.794338,-0.052762,31,1074,4.261905
600096.SH,云天化,化肥,中线,10,20,MA10/MA20,-0.504111,-0.151746,-0.696320,0.593835,0.333333,1.166388,-0.473333,30,1074,4.261905
600096.SH,云天化,化肥,中线,20,30,MA20/MA30,-0.311478,-0.084597,-0.503687,0.492983,0.320000,1.528505,-0.210159,25,1064,4.222222
600096.SH,云天化,化肥,长线,20,60,MA20/MA60,0.010724,0.002603,-0.181485,0.449233,0.222222,3.592737,0.066313,9,1034,4.103175
600096.SH,云天化,化肥,长线,30,60,MA30/MA60,0.405173,0.086435,0.212964,0.346253,0.500000,2.422332,0.368088,8,1034,4.103175
600096.SH,云天化,化肥,超长线,60,120,MA60/MA120,-0.006932,-0.001798,-0.199141,0.311858,0.400000,1.464476,0.034058,5,974,3.865079
002352.SZ,顺丰控股,物流,短线,5,10,MA5/MA10,-0.518344,-0.156189,-0.710553,0.550496,0.281250,1.145789,-1.035300,64,1084,4.301587
002352.SZ,顺丰控股,物流,短线,5,20,MA5/MA20,-0.464629,-0.136361,-0.656838,0.496133,0.218750,1.423497,-0.852918,32,1074,4.261905
002352.SZ,顺丰控股,物流,中线,10,20,MA10/MA20,-0.324140,-0.087825,-0.516349,0.352105,0.321429,1.132426,-0.509676,28,1074,4.261905
002352.SZ,顺丰控股,物流,中线,20,30,MA20/MA30,0.050980,0.011846,-0.141229,0.391152,0.470588,1.257893,0.043928,17,1064,4.222222
002352.SZ,顺丰控股,物流,长线,20,60,MA20/MA60,-0.249026,-0.067416,-0.441235,0.433525,0.272727,1.261413,-0.442498,11,1034,4.103175
002352.SZ,顺丰控股,物流,长线,30,60,MA30/MA60,-0.255820,-0.069479,-0.448029,0.439171,0.300000,0.981363,-0.481395,10,1034,4.103175
002352.SZ,顺丰控股,物流,超长线,60,120,MA60/MA120,-0.199274,-0.055877,-0.391483,0.248815,0.000000,0.000000,-0.475540,4,974,3.865079
002352.SZ,顺丰控股,物流,超长线,60,250,MA60/MA250,-0.084922,-0.026149,-0.277130,0.208530,0.000000,0.000000,-0.302819,1,844,3.349206
601899.SH,紫金矿业,黄金矿业,短线,5,10,MA5/MA10,0.088674,0.019947,-0.103535,0.365679,0.444444,1.334414,0.135633,63,1084,4.301587
601899.SH,紫金矿业,黄金矿业,短线,5,20,MA5/MA20,0.645311,0.123931,0.453102,0.275684,0.352941,2.801070,0.490386,34,1074,4.261905
601899.SH,紫金矿业,黄金矿业,中线,10,20,MA10/MA20,0.521322,0.103458,0.329113,0.450633,0.366667,2.706929,0.421959,30,1074,4.261905
601899.SH,紫金矿业,黄金矿业,中线,20,30,MA20/MA30,0.834661,0.154572,0.642452,0.310636,0.400000,3.176387,0.580027,20,1064,4.222222
601899.SH,紫金矿业,黄金矿业,长线,20,60,MA20/MA60,0.934515,0.174469,0.742306,0.316408,0.333333,8.107651,0.681682,6,1034,4.103175
601899.SH,紫金矿业,黄金矿业,长线,30,60,MA30/MA60,1.098595,0.198004,0.906386,0.341289,0.500000,4.434234,0.706415,6,1034,4.103175
601899.SH,紫金矿业,黄金矿业,超长线,60,120,MA60/MA120,1.328395,0.244421,1.136186,0.308889,0.800000,10.904617,0.809538,5,974,3.865079
601899.SH,紫金矿业,黄金矿业,超长线,60,250,MA60/MA250,1.065186,0.241767,0.872977,0.420506,1.000000,999.000000,0.735613,2,844,3.349206
